car,price,body,mileage,engV,engType,registration,year,drive
BMW,4700,sedan,200,NA,Petrol,yes,1996,rear
BMW,19999,sedan,290,4.8,Petrol,yes,2006,rear
BMW,129222,sedan,2,5,Petrol,yes,2016,full
BMW,73900,sedan,57,4.4,Petrol,yes,2013,rear
BMW,104999,crossover,2,3,Diesel,yes,2016,full
BMW,66500,crossover,1,2,Diesel,yes,2016,full
BMW,65099,crossover,0,2,Diesel,yes,2016,full
BMW,23900,crossover,235,3,Diesel,yes,2007,full
BMW,66200,crossover,70,3,Diesel,yes,2014,full
BMW,63000,crossover,0,2,Diesel,yes,2015,full
Audi,2600,vagon,273,2.5,Diesel,no,1999,front
Audi,2850,sedan,260,NA,Other,no,1999,
Audi,37000,sedan,37,2.8,Petrol,yes,2012,full
Audi,3850,vagon,215,2.5,Diesel,no,2002,front
BMW,1900,sedan,300,2.5,Diesel,no,1997,rear
BMW,39333,sedan,6,2,Petrol,yes,2016,
BMW,63500,crossover,1,2,Diesel,yes,2016,full
BMW,59900,crossover,30,2,Diesel,yes,2016,full
Audi,3650,sedan,240,2.5,Diesel,no,2000,front
Audi,35900,crossover,143,3,Diesel,yes,2010,full
BMW,8500,sedan,260,2.2,Gas,yes,2001,rear
Audi,36000,crossover,145,3,Petrol,yes,2010,full
Audi,0,crossover,0,3,Diesel,yes,2015,full
Audi,88888,crossover,0,3,Diesel,yes,2015,full
BMW,21000,sedan,186,3,Petrol,yes,2007,rear
Hyundai,11800,sedan,65,1.4,Petrol,yes,2013,front
BMW,3900,vagon,240,3,Diesel,no,2001,rear
Hyundai,9700,sedan,54,1.4,Petrol,yes,2013,front
Hyundai,6900,crossover,105,1.6,Petrol,yes,2009,front
Audi,18500,crossover,185,3.6,Petrol,yes,2008,full
BMW,0,crossover,1,3,Diesel,yes,2014,full
BMW,0,crossover,0,3,Diesel,yes,2015,full
Audi,34000,crossover,118,2,Diesel,yes,2013,full
BMW,2850,sedan,214,1.9,Petrol,no,2000,rear
BMW,6350,crossover,156,4.4,Gas,no,2002,full
BMW,25500,other,163,4.8,Petrol,yes,2008,full
BMW,67500,crossover,1,2,Diesel,yes,2016,full
BMW,67500,crossover,1,2.5,Diesel,yes,2016,full
BMW,37200,other,115,3,Diesel,yes,2011,full
BMW,0,crossover,36,3,Diesel,yes,2013,full
Audi,4600,vagon,242,99.99,Diesel,no,2004,front
BMW,24500,crossover,170,4.8,Gas,yes,2007,full
BMW,11500,sedan,193,4.4,Petrol,yes,2000,rear
BMW,29900,crossover,235,3,Diesel,yes,2009,full
Audi,24996,sedan,98,3.2,Petrol,yes,2009,full
Audi,6800,sedan,225,2.4,Gas,yes,1998,front
Hyundai,10500,crossover,120,NA,Other,yes,2007,full
BMW,66900,crossover,70,3,Diesel,yes,2014,full
BMW,104999,crossover,2,3,Diesel,yes,2016,full
Audi,39000,sedan,18,1.8,Other,yes,2015,front
Audi,1950,vagon,210,1.8,Gas,no,1996,front
Audi,0,crossover,65,3,Diesel,yes,2013,full
BMW,28000,sedan,170,2,Diesel,yes,2011,rear
Audi,1950,sedan,320,19,Other,no,1996,
Audi,25500,sedan,140,2.8,Petrol,yes,2012,front
Audi,2200,sedan,250,NA,Diesel,no,2001,front
Audi,2300,vagon,250,2.5,Diesel,no,2001,full
Audi,2350,vagon,250,NA,Diesel,no,2001,front
Audi,2500,sedan,180,NA,Petrol,no,2000,front
BMW,0,crossover,8,2,Diesel,yes,2016,full
Audi,3700,vagon,273,2.5,Diesel,no,2003,front
Hyundai,14500,crossover,102,2.2,Diesel,yes,2008,full
BMW,30500,sedan,73,2,Petrol,yes,2013,rear
Hyundai,29999,crossover,52,2.2,Diesel,yes,2014,full
BMW,89999,crossover,17,4.4,Petrol,yes,2015,full
Audi,37800,other,126,3,Diesel,yes,2010,full
BMW,8500,sedan,284,1.9,Gas,yes,2000,rear
BMW,2550,sedan,280,1.6,Petrol,no,2000,rear
Audi,4150,sedan,220,2.5,Diesel,no,1999,front
Audi,46000,sedan,170,4.2,Diesel,yes,2011,full
Audi,2411,sedan,240,1.6,Other,yes,1987,front
Hyundai,9600,sedan,98,1.4,Petrol,yes,2011,front
BMW,8000,sedan,330,NA,Diesel,yes,1997,rear
BMW,34600,crossover,163,5,Petrol,yes,2011,full
Audi,1300,sedan,250,NA,Gas,no,1994,front
Hyundai,8900,sedan,138,1.4,Petrol,yes,2011,front
Audi,24900,sedan,163,4.2,Diesel,yes,2008,full
BMW,63500,crossover,33,3,Petrol,yes,2015,full
Hyundai,6200,hatch,121,1.4,Gas,yes,2008,front
BMW,1500,sedan,270,2.5,Diesel,no,1992,rear
BMW,26900,crossover,170,3,Diesel,yes,2008,full
BMW,8500,other,265,2.8,Gas,yes,1998,rear
BMW,6400,other,220,2.5,Petrol,yes,1997,rear
Audi,3600,sedan,374,2.5,Diesel,no,2001,full
BMW,28900,sedan,78,2,Petrol,yes,2012,rear
BMW,42000,sedan,5,2,Petrol,yes,2016,rear
Hyundai,25600,crossover,94,2,Diesel,yes,2013,full
Audi,2850,vagon,280,2.5,Diesel,no,1999,
BMW,75555,sedan,30,4.4,Petrol,yes,2014,full
BMW,42900,sedan,2,2,Petrol,yes,2016,rear
BMW,26999,crossover,180,4.8,Gas,yes,2008,full
BMW,6500,sedan,298,2.5,Petrol,yes,1998,rear
Audi,23800,crossover,205,4.2,Gas,yes,2007,full
Hyundai,39900,crossover,0,2.2,Diesel,yes,2016,full
BMW,2200,sedan,303,2.5,Diesel,no,1999,rear
BMW,3100,vagon,1,2,Diesel,no,2002,rear
BMW,0,crossover,5,3,Diesel,yes,2016,full
Hyundai,37400,crossover,0,2.2,Diesel,yes,2016,full
Hyundai,18900,crossover,145,2,Gas,yes,2011,full
BMW,0,sedan,240,2.8,Gas,yes,1997,rear
Hyundai,10800,crossover,142,2,Diesel,yes,2007,full
Audi,4850,sedan,270,2.6,Petrol,yes,1995,front
Audi,16000,sedan,250,2,Diesel,yes,2008,
BMW,13700,crossover,270,4.6,Gas,yes,2004,full
BMW,2900,vagon,236,2,Diesel,no,2001,rear
Hyundai,16300,crossover,125,2.7,Gas,yes,2007,full
Hyundai,10800,crossover,106,2,Gas,yes,2007,full
BMW,10999,sedan,225,3,Diesel,yes,2003,rear
BMW,6500,sedan,335,2.8,Petrol,yes,1996,rear
BMW,32500,crossover,152,3,Diesel,yes,2008,full
Audi,29602.95,sedan,1,1.4,Petrol,yes,2016,front
BMW,15000,other,205,NA,Petrol,yes,2004,rear
BMW,13900,crossover,184,3,Gas,yes,2004,full
BMW,11400,sedan,206,3,Petrol,yes,2003,rear
Hyundai,21166.665,sedan,0,1.8,Petrol,yes,2015,front
Hyundai,11200,crossover,78,2,Petrol,yes,2009,full
Audi,20500,sedan,155,3,Petrol,yes,2010,full
Hyundai,13800,other,57,1.6,Petrol,yes,2012,front
Audi,2650,vagon,270,2.5,Diesel,no,2001,front
BMW,13500,sedan,233,3,Diesel,yes,2003,rear
Audi,6399,vagon,230,2.5,Diesel,yes,1999,front
Audi,3800,sedan,270,2.5,Diesel,no,2000,front
Hyundai,9300,sedan,90,1.6,Petrol,yes,2011,front
BMW,21500,other,72,3,Petrol,yes,2007,rear
BMW,86999,crossover,0,3,Diesel,yes,2016,full
BMW,2450,sedan,328,2.5,Diesel,no,1996,rear
Hyundai,10500,crossover,120,2.7,Petrol,yes,2006,full
BMW,17900,other,98,3,Petrol,yes,2007,rear
Audi,55000,crossover,65,2.99,Diesel,yes,2013,full
Hyundai,28888,crossover,20,2.2,Diesel,yes,2013,full
Audi,0,crossover,1,3,Diesel,yes,2016,full
Hyundai,27768.975,crossover,1,2.2,Diesel,yes,2015,front
BMW,39600,crossover,98,3,Petrol,yes,2011,full
BMW,30500,sedan,630,NA,Petrol,yes,2010,rear
BMW,29500,sedan,850,NA,Petrol,yes,2011,rear
Hyundai,11999,sedan,162,2.2,Diesel,yes,2006,full
Hyundai,9500,crossover,87,2,Gas,yes,2008,
BMW,33000,sedan,147,3,Diesel,yes,2009,rear
Hyundai,15999,crossover,87,2.4,Gas,yes,2011,full
BMW,49900,other,82,3,Petrol,yes,2012,rear
Hyundai,12333,crossover,78,2,Petrol,yes,2009,full
BMW,16800,crossover,250,3,Diesel,yes,2004,full
BMW,23999,crossover,194,3,Petrol,yes,2007,full
Hyundai,10200,sedan,59,1.4,Petrol,yes,2012,front
Hyundai,9550,crossover,138,2,Gas,yes,2007,front
Audi,0,crossover,65,2.99,Diesel,yes,2013,full
Audi,16999,vagon,140,4.2,Petrol,yes,2007,full
Hyundai,14900,sedan,74,2.4,Gas,yes,2012,front
Hyundai,33500,sedan,0,2.4,Petrol,yes,2016,front
BMW,1650,sedan,270,1.8,Petrol,no,1995,rear
BMW,3150,sedan,200,2,Diesel,no,1999,rear
Hyundai,21900,sedan,110,3,Petrol,yes,2012,front
Audi,0,vagon,0,3,Diesel,yes,2016,full
BMW,99999,other,0,3,Petrol,yes,2016,full
Audi,7750,sedan,259,3,Diesel,no,2005,full
BMW,16500,other,122,2.2,Petrol,yes,2005,rear
BMW,12600,sedan,219,3.6,Petrol,yes,2002,rear
BMW,3100,sedan,315,2.5,Diesel,no,1998,rear
Hyundai,20300,crossover,67,2,Diesel,yes,2012,full
Hyundai,20300,crossover,55,2,Diesel,yes,2012,full
BMW,20500,crossover,73,2,Petrol,yes,2011,rear
BMW,5000,sedan,400,2.5,Petrol,yes,1991,rear
Audi,25500,vagon,181,3,Petrol,yes,2009,full
BMW,8200,sedan,210,3.5,Petrol,yes,1999,rear
BMW,37000,sedan,130,3,Petrol,yes,2011,full
BMW,3300,sedan,250,3,Diesel,no,2000,rear
BMW,14900,vagon,221,2,Diesel,yes,2008,rear
BMW,2550,vagon,312,2.5,Diesel,no,1999,rear
Hyundai,22800,crossover,0,2,Petrol,yes,2016,front
BMW,45000,sedan,110,NA,Other,yes,2012,full
BMW,26999,sedan,131,2,Diesel,yes,2011,rear
BMW,13300,vagon,157,2,Diesel,yes,2007,rear
Audi,72000,sedan,55,6.3,Petrol,yes,2012,full
Hyundai,26000,crossover,33,2,Diesel,yes,2013,full
BMW,3500,sedan,272,2,Diesel,yes,2000,rear
Audi,36100,sedan,75,3,Diesel,yes,2011,full
BMW,29500,crossover,189,3,Diesel,yes,2009,full
BMW,39000,crossover,180,3,Diesel,yes,2011,full
BMW,10700,sedan,243,3,Diesel,yes,2002,rear
BMW,31500,crossover,130,3,Diesel,yes,2010,full
BMW,33700,crossover,134,4.4,Petrol,yes,2009,full
BMW,20999,crossover,170,4.8,Petrol,yes,2008,full
BMW,20500,other,114,NA,Other,yes,2008,
Hyundai,13300,crossover,110,2.2,Diesel,yes,2008,full
Audi,17700,other,70,2,Petrol,yes,2009,
Hyundai,13900,crossover,103,2.2,Diesel,yes,2007,full
Hyundai,24250,crossover,1,2,Petrol,yes,2016,full
BMW,36400,crossover,80,3,Petrol,yes,2011,full
Hyundai,18800,crossover,27,2,Petrol,yes,2012,full
Hyundai,12200,crossover,92,NA,Petrol,yes,2009,full
Audi,9999,sedan,190,2.5,Diesel,yes,2003,front
BMW,22700,crossover,216,4.8,Petrol,yes,2007,full
Audi,8800,sedan,205,1.8,Petrol,yes,2003,front
Hyundai,12999,crossover,145,2.7,Petrol,yes,2009,full
BMW,75000,crossover,16,3,Diesel,yes,2015,full
BMW,3350,vagon,295,2,Diesel,no,2002,rear
Hyundai,9500,sedan,155,3.3,Petrol,yes,2006,front
Audi,31700,sedan,32,1.8,Petrol,yes,2014,front
Audi,2999,vagon,320,NA,Diesel,no,1999,front
Audi,29000,vagon,213,3,Diesel,yes,2010,full
BMW,3800,sedan,304,1.9,Gas,no,2000,rear
BMW,4400,sedan,260,2,Gas,yes,1990,rear
Hyundai,10800,crossover,212,2,Diesel,yes,2009,full
Audi,73500,sedan,53,6.3,Petrol,yes,2013,full
BMW,35500,crossover,33,2,Diesel,yes,2014,full
BMW,34900,crossover,117,3,Petrol,yes,2011,full
BMW,25500,sedan,148,3,Diesel,yes,2007,rear
Audi,55000,hatch,24,2.8,Other,yes,2014,full
Audi,3550,sedan,196,2.8,Petrol,no,1997,front
BMW,2222,sedan,268,1.8,Petrol,no,1996,
Audi,68500,sedan,44,6.3,Petrol,yes,2012,full
BMW,29999,sedan,130,NA,Petrol,yes,2009,
Audi,3600,vagon,200,2.5,Diesel,yes,1999,front
BMW,41500,vagon,42,2,Petrol,yes,2012,full
BMW,69500,sedan,62,4.4,Petrol,yes,2013,full
BMW,20900,crossover,230,3,Diesel,yes,2006,full
BMW,60500,sedan,110,3,Diesel,yes,2011,full
Audi,42700,crossover,75,3,Diesel,yes,2013,full
BMW,22900,other,25,3,Petrol,yes,2008,rear
Audi,81500,sedan,0,3,Petrol,yes,2016,full
Hyundai,19900,sedan,15,1.6,Petrol,yes,2016,front
Hyundai,9700,crossover,130,2,Gas,yes,2007,full
BMW,3099,sedan,230,3,Diesel,no,2003,rear
BMW,8300,sedan,200,4.4,Petrol,yes,2001,rear
BMW,2999,sedan,299,NA,Diesel,no,2000,rear
Hyundai,14200,sedan,41,1.8,Gas,yes,2014,front
Audi,44800,crossover,100,3,Diesel,yes,2014,full
BMW,6100,sedan,266,3.5,Petrol,no,1997,rear
BMW,13900,sedan,262,4,Diesel,yes,2003,rear
BMW,8500,sedan,365,3,Diesel,yes,2001,rear
BMW,21900,other,25,2.5,Petrol,yes,2007,rear
Hyundai,21433.425,crossover,1,2,Petrol,yes,2016,front
Audi,33300,crossover,71,2,Petrol,yes,2011,full
BMW,6300,sedan,241,2.8,Gas,yes,1995,rear
BMW,24000,crossover,108,2,Diesel,yes,2012,full
Hyundai,12300,sedan,48,1.6,Petrol,yes,2013,front
Audi,4000,sedan,260,99.99,Diesel,no,2000,full
Hyundai,11500,crossover,48,NA,Petrol,yes,2007,
Hyundai,23500,sedan,72,3,Petrol,yes,2013,front
BMW,4500,sedan,370,4,Petrol,yes,1993,rear
Hyundai,7100,hatch,88,1.4,Petrol,yes,2008,front
Audi,13900,sedan,150,NA,Petrol,yes,2006,full
Audi,8500,sedan,247,2.5,Diesel,yes,2001,front
Hyundai,9900,crossover,140,2,Gas,yes,2007,full
BMW,77777,sedan,8,4.4,Petrol,yes,2014,full
Audi,11950,sedan,190,3,Petrol,yes,2006,full
BMW,7200,sedan,270,3,Diesel,no,2004,rear
BMW,38888,vagon,5,0.65,Other,yes,2015,rear
BMW,6950,sedan,320,4.4,Gas,yes,1997,rear
Hyundai,12356.175,sedan,1,1.4,Petrol,yes,2015,front
Hyundai,15246.075,sedan,1,1.6,Petrol,yes,2016,front
Hyundai,5500,hatch,135,1.6,Petrol,yes,2005,front
BMW,7200,sedan,255,2.8,Petrol,yes,1998,rear
BMW,3099,sedan,320,2,Diesel,no,2000,rear
Hyundai,6750,crossover,178,2,Diesel,no,2006,full
BMW,8899,sedan,170,2.2,Petrol,yes,2001,rear
Audi,51500,crossover,27,3,Diesel,yes,2013,full
Audi,33500,sedan,42,2,Petrol,yes,2013,full
Hyundai,8000,sedan,98,1.4,Petrol,yes,2011,front
Audi,36500,crossover,115,3,Diesel,yes,2010,full
BMW,34400,crossover,37,2,Diesel,yes,2013,full
Audi,35500,crossover,130,3,Diesel,yes,2010,full
BMW,34500,other,160,3,Diesel,yes,2011,full
BMW,14600,sedan,116,2.5,Diesel,yes,2004,rear
Audi,3300,vagon,300,2.5,Diesel,no,1999,front
Audi,9800,vagon,257,2.5,Diesel,yes,2003,front
Audi,9600,vagon,230,2.5,Diesel,yes,2004,front
Audi,19300,sedan,113,1.8,Petrol,yes,2009,front
BMW,4300,sedan,200,2,Diesel,no,2002,rear
BMW,29000,sedan,170,2,Diesel,yes,2011,rear
BMW,2900,vagon,230,2,Diesel,no,2001,rear
Audi,9900,vagon,284,2.5,Diesel,yes,2004,full
BMW,10800,sedan,246,3,Diesel,yes,2003,rear
BMW,10900,sedan,245,3,Diesel,yes,2003,rear
Hyundai,13900,sedan,75,1.6,Petrol,yes,2012,front
Audi,49700,crossover,80,3,Diesel,yes,2013,full
BMW,49000,sedan,58,4.4,Other,yes,2011,rear
Hyundai,0,crossover,39,2.2,Diesel,yes,2012,full
BMW,46000,sedan,5,2,Petrol,yes,2016,rear
BMW,37000,sedan,95,4.4,Petrol,yes,2011,full
BMW,47000,other,5,2,Petrol,yes,2014,rear
Hyundai,14300,crossover,127,2.7,Gas,yes,2008,full
Audi,7000,vagon,210,3,Diesel,no,2006,full
Audi,18300,vagon,190,2,Diesel,yes,2011,front
Hyundai,11900,crossover,133,2.2,Diesel,yes,2008,full
Audi,27500,sedan,150,2,Petrol,yes,2013,full
Audi,3500,sedan,35,1.8,Gas,yes,1990,front
BMW,4550,sedan,200,2.8,Petrol,no,1997,rear
Audi,2700,sedan,234,2.5,Other,no,2000,front
Hyundai,5950,hatch,98,1.6,Petrol,yes,2008,front
Hyundai,11999,hatch,42,1.6,Petrol,yes,2013,
BMW,31800,sedan,115,3,Diesel,yes,2010,rear
Hyundai,14800,sedan,52,NA,Petrol,yes,2012,front
Audi,26000,sedan,105,2,Petrol,yes,2012,front
Audi,9500,other,0,NA,Other,yes,2003,
Hyundai,11200,sedan,57,1.4,Gas,yes,2011,
Audi,5000,sedan,280,2.3,Gas,yes,1992,front
Audi,9800,vagon,253,1.9,Diesel,yes,2002,front
Audi,44800,crossover,95,3,Diesel,yes,2014,full
BMW,17100,crossover,188,3,Diesel,yes,2004,full
Audi,22800,sedan,184,2.7,Diesel,yes,2010,front
BMW,15000,sedan,137,2.2,Petrol,yes,2004,rear
Audi,3500,sedan,200,2.5,Diesel,no,2001,front
Audi,6400,sedan,261,1.8,Gas,yes,2000,front
Audi,4999,sedan,231,1.9,Diesel,no,2002,front
Hyundai,12800,sedan,106,2,Petrol,yes,2012,front
BMW,41000,crossover,80,3,Petrol,yes,2012,full
BMW,69999,crossover,0,2.5,Diesel,yes,2016,full
Audi,3900,vagon,232,2.5,Diesel,no,2003,full
BMW,66666,crossover,0,2,Diesel,yes,2016,full
Audi,23500,crossover,116,4.2,Petrol,yes,2008,full
Audi,51000,crossover,44,3,Diesel,yes,2014,full
Hyundai,16000,crossover,55,2,Gas,yes,2012,full
Hyundai,10500,crossover,106,NA,Petrol,yes,2008,full
BMW,12950,sedan,268,4,Diesel,yes,2004,rear
BMW,56500,crossover,45,3,Diesel,yes,2014,full
Audi,9000,sedan,158,2,Gas,yes,2003,front
BMW,52000,crossover,7,2,Diesel,yes,2015,full
BMW,16300,crossover,258,4.4,Petrol,yes,2005,full
BMW,17500,sedan,102,2,Petrol,yes,2011,rear
BMW,6100,sedan,438,2,Gas,yes,1997,rear
BMW,16500,crossover,230,3,Gas,yes,2004,full
BMW,15000,vagon,245,3,Gas,yes,2006,full
Audi,13900,other,197,2,Diesel,yes,2006,front
Hyundai,6800,sedan,140,1.5,Diesel,yes,2008,front
BMW,19999,crossover,227,3,Diesel,yes,2006,full
Hyundai,11500,van,183,2.5,Diesel,yes,2008,rear
Audi,30650,vagon,35,2,Petrol,yes,2013,full
Hyundai,7500,sedan,100,1.4,Petrol,yes,2007,front
Hyundai,11200,crossover,90,2,Gas,yes,2008,full
Audi,17500,sedan,94,1.8,Petrol,yes,2008,front
Hyundai,7500,sedan,104,1.6,Petrol,yes,2010,front
BMW,28500,crossover,160,4.8,Gas,yes,2008,full
BMW,69999,crossover,1,2,Petrol,yes,2016,full
BMW,42000,sedan,59,4.4,Petrol,yes,2009,rear
BMW,29999,other,73,2,Petrol,yes,2012,rear
BMW,4800,sedan,11,2.5,Diesel,yes,1994,rear
Hyundai,21400,crossover,63,2,Diesel,yes,2012,full
Audi,21800,vagon,172,2,Diesel,yes,2011,front
BMW,4200,sedan,277,2,Petrol,yes,1991,rear
Audi,0,sedan,62,3,Petrol,yes,2013,full
Hyundai,12650,other,55,1.4,Diesel,yes,2013,front
BMW,10800,sedan,288,4.4,Gas,yes,2002,rear
BMW,7000,sedan,280,3,Petrol,yes,2001,rear
Audi,7500,vagon,240,2,Petrol,yes,2002,front
BMW,2250,sedan,350,2.5,Diesel,yes,1998,rear
BMW,3900,sedan,380,3,Gas,yes,1989,rear
BMW,10000,sedan,274,4.4,Gas,yes,1998,rear
BMW,2600,sedan,270,2,Diesel,no,1998,rear
BMW,4500,sedan,140,3,Diesel,no,2000,rear
Audi,30999,sedan,108,2,Diesel,yes,2013,front
BMW,1700,sedan,200,2,Diesel,no,2003,rear
BMW,50499,sedan,128,3,Diesel,yes,2013,full
BMW,18500,sedan,79,3,Diesel,no,2012,rear
Audi,90999,sedan,4,3,Diesel,yes,2015,full
Audi,85555,sedan,40,3,Diesel,yes,2015,full
Audi,2500,vagon,300,2.5,Diesel,no,2002,front
Hyundai,13400,crossover,157,2.7,Gas,yes,2006,full
BMW,3500,sedan,300,3,Diesel,no,1999,rear
Hyundai,21700,crossover,63,2.2,Diesel,yes,2012,full
BMW,12000,sedan,237,3,Diesel,yes,2003,rear
Hyundai,26900,crossover,59,2.4,Petrol,yes,2013,
Hyundai,18300,hatch,0,1.4,Petrol,yes,2016,front
BMW,19990,sedan,1,2,Diesel,yes,2008,rear
BMW,3500,sedan,185,2,Diesel,no,2002,rear
BMW,9700,sedan,267,2,Diesel,yes,2002,rear
BMW,2500,sedan,290,2,Diesel,no,1999,front
Hyundai,12500,crossover,134,2.7,Gas,yes,2007,full
BMW,7500,sedan,275,2,Gas,yes,1998,rear
BMW,4000,sedan,380,2,Petrol,yes,1991,rear
BMW,27900,sedan,170,3,Petrol,yes,2011,rear
Hyundai,19700,crossover,127,2.2,Diesel,yes,2012,full
BMW,17900,sedan,69,2,Petrol,yes,2008,rear
BMW,2500,sedan,242,3,Diesel,no,2001,rear
Hyundai,15600,other,134,2.7,Gas,yes,2008,full
BMW,12900,sedan,121,2,Petrol,yes,2007,rear
BMW,27500,sedan,100,2,Petrol,yes,2012,rear
Hyundai,11300,crossover,166,2,Petrol,yes,2008,full
Audi,5300,other,182,2.5,Diesel,no,2002,full
Audi,39999,crossover,45,2,Diesel,yes,2014,full
BMW,2899,sedan,260,2,Diesel,no,2000,rear
BMW,15500,sedan,216,2,Diesel,yes,2008,rear
BMW,13700,sedan,276,3,Diesel,yes,2004,rear
BMW,9800,sedan,350,3,Diesel,yes,2001,rear
Hyundai,53000,van,1,2.5,Diesel,yes,2016,full
BMW,7000,sedan,286,2.8,Petrol,yes,2001,rear
BMW,7000,other,226,2.5,Petrol,yes,1999,rear
Audi,43000,other,11,1.8,Petrol,yes,2015,front
Hyundai,11500,sedan,65,1.6,Petrol,yes,2011,front
Audi,18500,sedan,137,NA,Petrol,yes,2009,front
Audi,4500,vagon,206,2.5,Diesel,no,2003,full
BMW,2999,sedan,210,2,Other,no,1999,rear
Audi,27000,other,222,NA,Diesel,yes,2007,full
BMW,6900,sedan,280,2,Gas,yes,2000,rear
Audi,52999,crossover,112,4.2,Diesel,yes,2008,full
Hyundai,9950,other,74,2,Petrol,yes,2008,front
BMW,8200,sedan,241,2,Petrol,yes,1998,rear
Audi,49500,crossover,44,3,Diesel,yes,2013,
Audi,48000,crossover,75,3,Diesel,yes,2013,full
Hyundai,11100,sedan,63,1.4,Petrol,yes,2013,front
BMW,32500,vagon,65,2,Petrol,yes,2014,rear
BMW,19990,other,164,NA,Gas,yes,2004,
Hyundai,6800,sedan,107,1.4,Gas,yes,2007,front
Audi,48000,crossover,126,3,Diesel,yes,2013,full
BMW,47900,crossover,178,4,Diesel,yes,2012,
Hyundai,22600,crossover,89,2.2,Diesel,yes,2012,full
Audi,36000,vagon,40,3,Diesel,yes,2010,full
Audi,23000,crossover,180,3.6,Gas,yes,2007,full
Hyundai,6500,van,170,1.6,Petrol,yes,2005,front
BMW,3500,sedan,334,2,Diesel,no,1999,rear
Hyundai,13500,crossover,168,2.2,Diesel,yes,2007,full
BMW,17500,vagon,125,3,Diesel,yes,2006,full
Audi,21000,hatch,34,1.4,Petrol,yes,2013,front
BMW,58000,crossover,64,2,Diesel,yes,2015,full
BMW,0,crossover,0,3,Diesel,yes,2016,full
BMW,4000,sedan,230,2,Diesel,no,2003,rear
Audi,15000,vagon,154,2,Diesel,yes,2008,front
Audi,19700,crossover,172,3.6,Petrol,yes,2007,full
Hyundai,12800,crossover,219,2.7,Gas,yes,2007,full
BMW,69999,crossover,71,4.4,Petrol,yes,2011,full
Hyundai,9250,crossover,192,2,Diesel,yes,2008,full
Hyundai,13838.175,hatch,1,1.6,Diesel,yes,2015,front
BMW,12900,vagon,260,3,Diesel,yes,2004,rear
BMW,77777,crossover,1,3,Diesel,yes,2014,full
Hyundai,12700,crossover,104,2,Gas,yes,2009,full
BMW,17000,vagon,158,2,Diesel,yes,2010,rear
BMW,13700,sedan,254,3,Diesel,yes,2003,front
BMW,15300,sedan,250,2.5,Petrol,yes,2006,rear
Hyundai,6999,sedan,95,1.4,Gas,yes,2009,front
Audi,0,sedan,300,2.5,Diesel,no,2001,front
BMW,29500,sedan,230,3,Diesel,yes,2011,rear
Audi,22500,vagon,175,2,Gas,yes,2010,full
BMW,16999,vagon,213,3,Diesel,yes,2007,full
Audi,22500,sedan,159,5.2,Petrol,yes,2008,full
BMW,11900,sedan,160,2.5,Petrol,yes,2005,rear
Hyundai,10000,sedan,19,1.4,Petrol,yes,2011,front
BMW,6800,crossover,242,99.99,Diesel,no,2005,
Audi,22000,crossover,152,4.2,Petrol,yes,2007,full
Hyundai,3950,crossover,220,2.9,Diesel,no,2002,full
Hyundai,6300,sedan,1,1.4,Petrol,yes,2008,
BMW,13500,crossover,250,3,Diesel,no,2006,full
BMW,3200,sedan,237,2.5,Petrol,yes,1990,rear
Hyundai,21900,crossover,71,2.2,Diesel,yes,2012,full
BMW,29900,crossover,182,3,Petrol,yes,2008,full
Hyundai,5400,sedan,102,1.5,Diesel,yes,2008,front
BMW,8999,sedan,221,4.5,Petrol,yes,2002,rear
BMW,9400,sedan,221,4.4,Gas,yes,2004,rear
Audi,14200,vagon,200,2.7,Diesel,yes,2006,front
BMW,51900,crossover,106,3,Diesel,yes,2012,full
Audi,31500,sedan,140,2,Diesel,yes,2012,front
Hyundai,14900,crossover,172,2.2,Diesel,yes,2007,full
BMW,6500,sedan,300,2.8,Gas,yes,1997,rear
BMW,18000,sedan,245,2.5,Petrol,yes,2007,rear
Audi,12600,sedan,294,3,Gas,yes,2004,front
Audi,3150,vagon,310,2.5,Diesel,no,1999,front
Hyundai,9999,sedan,42,1.4,Petrol,yes,2011,front
BMW,86999,crossover,0,3,Diesel,yes,2016,full
BMW,62000,crossover,1,2,Diesel,yes,2016,full
BMW,8200,sedan,250,4.4,Petrol,yes,1997,
BMW,2900,sedan,225,2.5,Petrol,no,1997,rear
BMW,67500,crossover,1,2,Diesel,yes,2016,full
BMW,2800,sedan,296,3,Diesel,no,2001,rear
Audi,14900,crossover,183,3.6,Petrol,no,2007,full
BMW,26900,sedan,158,5,Petrol,yes,2007,rear
BMW,8900,sedan,256,2.2,Petrol,yes,2002,
BMW,4999,sedan,256,2.5,Diesel,no,2001,rear
Hyundai,7000,sedan,100,1.6,Petrol,yes,2008,front
BMW,16700,sedan,150,2,Diesel,yes,2008,rear
BMW,81000,sedan,23,4.4,Petrol,yes,2014,rear
Hyundai,6000,van,130,1.6,Petrol,yes,2007,front
Hyundai,8600,sedan,189,3.3,Petrol,yes,2006,front
BMW,9500,crossover,110,3,Diesel,no,2008,
Hyundai,6700,sedan,95,1.6,Petrol,yes,2008,front
Hyundai,10500,hatch,50,1.4,Petrol,yes,2011,front
BMW,13000,sedan,304,4.4,Other,yes,2002,
BMW,13999,sedan,265,3,Diesel,yes,2005,rear
BMW,8990,other,300,2.2,Petrol,yes,2002,rear
BMW,2500,sedan,44,2.5,Diesel,no,1997,rear
BMW,3300,sedan,360,2.5,Petrol,yes,1992,rear
BMW,5700,sedan,252,2.5,Diesel,yes,1997,rear
Audi,55000,crossover,100,6,Diesel,yes,2009,full
Hyundai,8700,other,62,1.25,Petrol,yes,2013,
BMW,0,sedan,259,3,Diesel,yes,2001,rear
BMW,4700,sedan,333,3,Petrol,yes,1994,rear
Hyundai,12800,hatch,19,1.4,Petrol,yes,2013,front
Hyundai,5100,hatch,108,1.4,Petrol,yes,2007,front
Audi,41000,crossover,88,4.2,Diesel,yes,2010,full
Hyundai,9300,sedan,98,1.4,Petrol,yes,2011,front
Hyundai,6300,sedan,164,1.6,Gas,yes,2008,front
Audi,4300,sedan,340,2.4,Gas,yes,1998,full
BMW,36900,sedan,17,2,Petrol,yes,2013,rear
Hyundai,6300,sedan,76,NA,Petrol,yes,2010,front
Audi,75000,crossover,0,3,Diesel,yes,2015,full
Audi,92222,crossover,0,3,Diesel,yes,2016,full
Audi,4000,vagon,300,2.5,Diesel,no,2001,front
Audi,4000,sedan,263,1.9,Diesel,yes,1996,front
BMW,7000,sedan,227,3,Diesel,no,2004,rear
Hyundai,6500,sedan,92,1.4,Petrol,yes,2008,front
Audi,37000,other,170,3,Diesel,yes,2010,full
Hyundai,9900,crossover,168,2,Gas,yes,2007,full
BMW,4599,sedan,267,2,Gas,yes,1991,rear
BMW,8200,sedan,368,3,Diesel,yes,2000,rear
Audi,23000,crossover,240,4.2,Petrol,yes,2007,full
BMW,32500,other,86,3,Petrol,yes,2010,rear
BMW,8900,sedan,250,2.5,Diesel,yes,2001,rear
Hyundai,18200,sedan,35,2.4,Petrol,yes,2011,
Audi,2600,vagon,110,2.5,Diesel,no,2002,front
BMW,27800,sedan,170,2,Diesel,yes,2011,rear
BMW,10999,sedan,150,2,Gas,yes,2003,rear
BMW,24700,vagon,142,2,Diesel,yes,2012,rear
BMW,31000,sedan,100,2,Petrol,yes,2012,rear
Audi,19990,sedan,127,2.8,Petrol,yes,2010,full
BMW,21600,crossover,200,4.8,Other,yes,2007,full
Audi,16400,vagon,152,2,Diesel,yes,2011,front
BMW,14200,sedan,263,3,Petrol,yes,2004,rear
BMW,30500,hatch,110,4.4,Petrol,yes,2008,full
Hyundai,11500,sedan,75,1.6,Petrol,yes,2011,front
Hyundai,28400,crossover,1,2,Petrol,yes,2016,full
BMW,18400,crossover,256,3,Diesel,yes,2006,full
Hyundai,17500,sedan,60,1.8,Petrol,yes,2013,front
BMW,85555,sedan,10,3,Diesel,yes,2015,full
Audi,16500,vagon,171,2,Diesel,yes,2008,front
Hyundai,9200,sedan,100,NA,Gas,yes,2011,front
Audi,2450,vagon,325,2.5,Diesel,no,2000,front
Audi,4700,sedan,400,2.6,Petrol,yes,1996,front
BMW,1950,sedan,162,1.6,Petrol,no,1995,rear
Audi,21700,sedan,167,3,Petrol,yes,2009,full
Hyundai,6300,sedan,163,1.5,Diesel,yes,2008,front
Audi,2650,vagon,333,2.5,Diesel,no,2000,front
Hyundai,8000,sedan,193,2,Gas,yes,2007,front
Hyundai,6999,sedan,91,1.4,Petrol,yes,2008,
Audi,2200,vagon,280,2.5,Diesel,no,2002,full
BMW,32000,crossover,52,3,Petrol,yes,2012,full
BMW,12799,sedan,181,2.2,Gas,yes,2004,rear
BMW,44999,crossover,87,3,Diesel,yes,2011,full
Hyundai,6400,sedan,85,1.4,Petrol,yes,2009,front
Hyundai,12700,sedan,34,1.6,Petrol,yes,2013,front
BMW,15500,sedan,89,2,Diesel,no,2012,rear
BMW,3500,vagon,280,3,Diesel,no,2001,full
Audi,24500,sedan,122,4,Diesel,yes,2008,full
BMW,38000,sedan,74,2,Diesel,yes,2014,rear
BMW,34900,crossover,35,3,Petrol,yes,2011,full
BMW,6500,sedan,1,3.5,Petrol,yes,1999,rear
BMW,25800,crossover,205,3,Diesel,yes,2008,full
Audi,15000,sedan,38,NA,Diesel,no,2015,full
BMW,57000,crossover,47,3,Diesel,yes,2014,full
Hyundai,9700,hatch,90,1.6,Diesel,yes,2010,front
BMW,39999,sedan,45,3,Petrol,yes,2011,full
Hyundai,11999,crossover,56,NA,Petrol,yes,2009,full
BMW,77500,crossover,1,3,Petrol,yes,2016,full
Audi,32300,hatch,54,2.8,Petrol,yes,2011,front
Hyundai,29400,sedan,0,2,Petrol,yes,2016,front
BMW,25500,crossover,130,3,Gas,yes,2007,full
Hyundai,18300,hatch,0,1.6,Petrol,yes,2016,front
Hyundai,8999,hatch,56,1.6,Petrol,yes,2010,front
BMW,34500,crossover,85,3,Petrol,yes,2010,full
Audi,18500,sedan,245,3,Diesel,yes,2006,full
Hyundai,5900,hatch,86,1.4,Petrol,yes,2007,
BMW,31111,sedan,117,4.4,Petrol,yes,2010,full
Audi,22800,sedan,122,2,Petrol,yes,2011,front
BMW,13000,sedan,165,2.2,Gas,yes,2003,rear
Hyundai,13000,other,72,2,Petrol,yes,2008,front
BMW,7500,sedan,425,NA,Gas,yes,1996,rear
BMW,37900,crossover,97,3,Diesel,yes,2010,full
BMW,26000,crossover,270,4.8,Petrol,yes,2008,full
Hyundai,5350,hatch,115,1.4,Petrol,yes,2007,front
BMW,35500,sedan,67,3,Petrol,yes,2011,rear
Hyundai,10900,sedan,44,1.4,Petrol,yes,2013,front
Hyundai,5900,sedan,99,1.4,Petrol,yes,2009,front
BMW,0,crossover,200,3,Diesel,yes,2009,full
Hyundai,5950,hatch,200,1.4,Petrol,yes,2005,front
BMW,37000,crossover,186,5,Petrol,yes,2008,full
BMW,3000,sedan,190,2,Petrol,no,2000,rear
Hyundai,6500,hatch,137,1.4,Gas,yes,2007,front
BMW,1750,vagon,200,2,Petrol,no,2000,rear
Audi,3000,van,11,1.9,Diesel,no,1999,
BMW,75555,sedan,30,4.4,Petrol,yes,2014,full
BMW,12000,crossover,218,3,Diesel,no,2006,full
Audi,2100,vagon,275,2.5,Diesel,no,1998,full
Audi,2799,vagon,390,1.9,Diesel,no,1998,front
Audi,12200,sedan,130,2.4,Petrol,yes,2006,front
Audi,64400,other,41,NA,Other,yes,2014,
Hyundai,4200,sedan,135,1.6,Gas,yes,2010,front
Audi,10000,sedan,206,2.5,Diesel,yes,2003,front
Audi,8000,vagon,200,2.7,Diesel,yes,2006,front
Audi,4000,sedan,380,2.8,Petrol,yes,1997,full
Hyundai,12200,crossover,118,2,Gas,yes,2011,front
BMW,6500,sedan,311,2,Gas,yes,1998,rear
BMW,0,crossover,1,3,Diesel,yes,2016,full
Audi,12500,sedan,165,2.4,Petrol,yes,2006,front
BMW,36300,crossover,83,3.5,Petrol,yes,2010,full
Hyundai,7800,hatch,58,1.4,Petrol,yes,2011,front
Hyundai,15500,crossover,135,3.8,Gas,yes,2009,full
Audi,6557.85,sedan,327,4.2,Gas,yes,2000,full
BMW,25800,sedan,203,2,Diesel,yes,2010,rear
BMW,5900,vagon,220,2.8,Petrol,yes,1995,rear
BMW,7200,sedan,448,3,Petrol,yes,1996,rear
BMW,4100,hatch,160,1.6,Petrol,yes,2004,
BMW,29900,sedan,175,2,Diesel,yes,2011,rear
BMW,12900,sedan,200,2.5,Petrol,yes,2006,rear
Hyundai,8599,hatch,95,1.6,Diesel,yes,2009,front
BMW,8200,sedan,287,2.5,Gas,yes,1999,rear
Audi,4649,vagon,350,NA,Diesel,yes,2000,full
Hyundai,8100,hatch,72,1.4,Gas,yes,2008,front
BMW,39500,vagon,93,2,Diesel,yes,2012,full
Audi,0,vagon,156,3,Diesel,yes,2009,full
BMW,16500,sedan,150,2.5,Petrol,yes,2005,
Audi,16000,sedan,180,3,Diesel,yes,2006,full
BMW,2750,vagon,254,2.8,Gas,no,1997,rear
Hyundai,18999,crossover,48,2,Gas,yes,2011,full
BMW,6000,sedan,300,2.8,Petrol,yes,1996,rear
Audi,4000,vagon,234,2.5,Diesel,no,2001,front
Hyundai,6600,sedan,82,1.4,Petrol,yes,2006,front
Hyundai,0,sedan,27,5,Petrol,yes,2013,rear
Audi,89999,crossover,0,3,Diesel,yes,2015,full
BMW,49000,vagon,56,5,Petrol,yes,2007,rear
Hyundai,7000,hatch,84,1.6,Petrol,yes,2008,front
Audi,6500,sedan,365,4.2,Gas,yes,1995,full
BMW,6800,sedan,4,2.8,Gas,yes,1995,rear
BMW,6300,sedan,330,2.5,Petrol,yes,1999,rear
Hyundai,5400,hatch,158,1.4,Petrol,yes,2005,front
BMW,4700,sedan,390,2.5,Petrol,yes,1991,rear
BMW,37500,other,45,2,Petrol,yes,2013,rear
Hyundai,7600,sedan,28,1.4,Petrol,yes,2008,front
BMW,6500,vagon,377,2,Gas,yes,1998,rear
Hyundai,17600,crossover,83,2,Petrol,yes,2011,full
BMW,3900,sedan,340,2.5,Diesel,no,2000,rear
BMW,35500,sedan,235,3,Diesel,yes,2010,rear
Hyundai,17500,crossover,138,2.2,Diesel,yes,2010,front
BMW,7900,sedan,260,3.5,Petrol,yes,1997,rear
Hyundai,36000,crossover,70,2.2,Diesel,yes,2013,full
Audi,25000,crossover,112,3.2,Petrol,yes,2010,full
Audi,27500,crossover,147,3,Diesel,yes,2008,full
BMW,9999,sedan,200,1.8,Petrol,yes,2004,rear
Hyundai,21900,crossover,48,2.2,Diesel,yes,2012,full
BMW,4600,sedan,280,3,Other,no,1999,rear
Hyundai,13200,sedan,50,1.6,Other,yes,2011,front
Audi,11000,other,120,1.8,Petrol,yes,2000,front
BMW,4500,sedan,307,2.5,Petrol,yes,1994,rear
BMW,28700,sedan,160,3,Petrol,yes,2011,rear
Audi,28950,crossover,60,2,Petrol,yes,2012,full
Hyundai,5700,hatch,102,1.4,Gas,yes,2005,front
BMW,3700,sedan,231,2.5,Petrol,yes,1990,rear
Hyundai,7700,sedan,107,1.6,Petrol,yes,2008,front
BMW,2990,other,203,2,Petrol,no,2001,rear
BMW,1550,sedan,300,NA,Gas,no,1994,rear
Hyundai,17000,crossover,54,2,Petrol,yes,2010,full
Audi,2600,vagon,253,1.8,Gas,no,1997,full
Audi,7000,vagon,320,1.9,Diesel,yes,1996,front
Audi,6000,sedan,226,1.8,Petrol,yes,1995,front
Hyundai,18750,crossover,93,2.4,Gas,yes,2012,full
Audi,2650,sedan,300,2,Petrol,yes,1987,front
Audi,21900,crossover,183,4.2,Petrol,yes,2007,full
Audi,25300,hatch,180,2,Diesel,yes,2011,front
Audi,30900,hatch,195,3,Diesel,yes,2010,full
Hyundai,8499,van,148,2.5,Diesel,yes,2008,rear
Hyundai,20200,sedan,0,1.6,Other,yes,2016,front
BMW,77500,crossover,1,3,Petrol,yes,2016,
BMW,56500,crossover,1,2,Diesel,yes,2016,
Hyundai,27000,crossover,0,2,Petrol,yes,2016,full
BMW,8900,other,253,1.8,Petrol,yes,1995,rear
Hyundai,26000,crossover,0,2,Petrol,yes,2016,front
Hyundai,18100,sedan,0,1.6,Petrol,yes,2015,front
BMW,28700,other,160,3,Petrol,yes,2011,rear
Hyundai,10700,crossover,113,2,Gas,yes,2008,full
BMW,21000,other,130,2.5,Petrol,yes,2006,full
BMW,34500,other,160,3,Diesel,yes,2010,full
Hyundai,8300,sedan,150,2,Gas,yes,2008,front
Audi,3990,sedan,413,2.6,Gas,yes,1993,front
Hyundai,15500,sedan,85,10,Petrol,yes,2011,front
BMW,12300,sedan,140,2,Petrol,yes,2005,rear
BMW,57777,other,40,4,Diesel,yes,2012,
Audi,16999,hatch,69,1.4,Petrol,yes,2012,front
Audi,4000,sedan,400,2,Petrol,yes,1992,front
Audi,2900,sedan,1,2.3,Gas,yes,1989,front
Audi,7000,other,126,2.6,Petrol,yes,1998,front
Hyundai,11111,crossover,99,2.7,Petrol,yes,2009,full
BMW,38000,crossover,223,3,Diesel,yes,2011,full
Hyundai,7700,other,265,99.99,Diesel,yes,2003,rear
BMW,7400,sedan,290,3,Petrol,yes,2000,rear
BMW,8800,sedan,287,3,Petrol,yes,2001,rear
Hyundai,16500,sedan,87,2.4,Petrol,yes,2011,front
BMW,4500,sedan,300,3,Diesel,yes,2000,rear
Hyundai,6700,sedan,87,1.5,Diesel,yes,2008,front
Audi,8500,sedan,253,2.5,Diesel,yes,2001,full
BMW,0,crossover,5,4.4,Petrol,yes,2015,full
Hyundai,8400,sedan,178,2,Gas,yes,2007,front
BMW,4999,sedan,327,3,Diesel,no,2001,rear
BMW,8999,sedan,250,1.9,Petrol,yes,2001,rear
BMW,47500,sedan,0,2,Diesel,yes,2016,full
BMW,48535.5,crossover,0,2,Diesel,yes,2016,full
BMW,43163.25,crossover,0,2,Diesel,yes,2016,full
BMW,43719,crossover,0,2,Petrol,yes,2016,full
BMW,64500,crossover,1,2,Diesel,yes,2016,full
Audi,4150,vagon,249,2.5,Diesel,no,2004,front
BMW,8000,sedan,194,2,Petrol,yes,1985,rear
Audi,3650,sedan,270,1.9,Diesel,yes,2002,front
Audi,6900,sedan,360,2.5,Diesel,yes,1997,front
Audi,15500,sedan,210,2,Diesel,yes,2008,rear
Hyundai,8650,crossover,147,2,Gas,yes,2007,
Audi,15499,sedan,177,2,Diesel,yes,2007,front
Hyundai,14500,sedan,134,2,Gas,yes,2012,front
Audi,5700,vagon,250,2,Diesel,no,2006,front
Audi,10200,sedan,120,2,Petrol,yes,2006,front
Audi,30900,crossover,27,2,Petrol,yes,2011,full
Hyundai,6900,hatch,63,1.4,Petrol,yes,2008,front
BMW,8900,sedan,294,2.2,Gas,yes,2000,rear
Audi,12500,sedan,146,1.8,Petrol,yes,2007,rear
Audi,13000,sedan,157,3,Petrol,yes,2006,full
Hyundai,5850,hatch,98,1.1,Petrol,yes,2008,front
Hyundai,8800,hatch,67,1.4,Petrol,yes,2011,front
BMW,7300,sedan,350,NA,Petrol,yes,1997,rear
Audi,0,hatch,243,2,Gas,yes,1987,front
Audi,24300,sedan,43,1.8,Petrol,yes,2012,front
BMW,2250,sedan,300,2.5,Petrol,no,1997,rear
Audi,9999,vagon,198,2.7,Petrol,yes,2003,full
Audi,23500,other,83,2,Petrol,yes,2009,full
BMW,0,other,35,3,Petrol,yes,2008,rear
Audi,23400,sedan,112,2,Diesel,yes,2012,front
Audi,3700,vagon,290,1.9,Diesel,no,2002,front
BMW,13900,other,80,3,Petrol,yes,2002,rear
BMW,65000,crossover,0,2.5,Diesel,yes,2016,full
BMW,3650,sedan,300,2,Petrol,yes,1990,rear
BMW,53999,sedan,80,2.99,Diesel,yes,2012,full
BMW,3800,sedan,100,1.8,Petrol,yes,1992,rear
Audi,2850,sedan,350,NA,Gas,yes,1988,front
Hyundai,7700,hatch,97,1.4,Petrol,yes,2008,front
BMW,27800,crossover,140,3,Diesel,yes,2009,full
Audi,3150,sedan,10,2.8,Petrol,yes,1991,front
BMW,34900,crossover,65,2,Petrol,yes,2013,full
Audi,27500,sedan,74,2,Diesel,yes,2011,
Audi,21900,other,114,3.2,Petrol,yes,2009,full
Hyundai,6900,hatch,95,1.4,Petrol,yes,2007,
Hyundai,17200,crossover,45,2,Petrol,yes,2013,front
Audi,2450,vagon,240,2.5,Diesel,no,2000,front
Hyundai,16000,crossover,175,3.8,Gas,yes,2007,full
Audi,15500,vagon,180,2,Diesel,yes,2007,front
Audi,23400,crossover,105,4.2,Gas,yes,2007,full
Hyundai,31500,crossover,1,2,Petrol,yes,2016,full
Audi,22500,sedan,124,3,Diesel,yes,2008,full
Hyundai,5800,sedan,110,NA,Other,yes,2007,
Audi,4799,vagon,260,2.5,Diesel,no,2002,full
BMW,4500,vagon,360,2,Petrol,yes,1993,rear
Audi,8600,sedan,154,1.8,Petrol,yes,2001,front
Audi,28500,sedan,74,1.8,Petrol,yes,2012,front
BMW,28000,other,100,5,Petrol,yes,2005,
Hyundai,7500,hatch,60,1.1,Petrol,yes,2011,front
BMW,32500,sedan,148,3,Petrol,yes,2011,rear
Audi,0,sedan,60,6.3,Petrol,yes,2013,full
BMW,3500,sedan,280,NA,Petrol,no,1996,rear
BMW,17500,crossover,210,3,Diesel,yes,2005,
BMW,85900,crossover,19,3,Diesel,yes,2015,full
Audi,9500,vagon,160,2.7,Gas,yes,2003,full
BMW,5000,other,300,1.8,Petrol,yes,1994,rear
BMW,12090,hatch,145,1.6,Petrol,yes,2010,rear
Audi,3050,vagon,250,2.5,Other,no,2001,front
Audi,5999,vagon,248,2.5,Diesel,yes,2000,full
BMW,26500,sedan,70,3,Petrol,yes,2008,rear
Audi,43000,crossover,1,2,Petrol,yes,2016,full
BMW,139000,crossover,0,4.4,Petrol,yes,2016,full
BMW,23500,crossover,74,2,Petrol,yes,2010,rear
BMW,0,crossover,4,4.4,Petrol,yes,2016,full
Audi,4800,sedan,341,2.8,Petrol,yes,1992,front
Audi,34500,sedan,71,2.8,Petrol,yes,2012,full
BMW,24500,crossover,195,4.8,Petrol,yes,2007,full
BMW,66500,crossover,0,2,Other,yes,2016,full
Audi,16300,vagon,180,3.2,Petrol,yes,2006,full
Audi,34000,crossover,119,2,Diesel,yes,2013,full
Hyundai,11990,sedan,36,1.4,Petrol,yes,2013,front
Hyundai,19500,crossover,105,3,Diesel,yes,2008,full
Hyundai,39500,crossover,1,2.2,Diesel,yes,2014,full
Audi,19999,crossover,117,4.2,Petrol,yes,2007,full
Hyundai,12650,hatch,36,1.4,Diesel,yes,2014,front
Audi,29999,sedan,97,3,Petrol,yes,2011,full
BMW,27900,crossover,140,3,Diesel,yes,2009,full
Hyundai,6200,hatch,59,1.4,Petrol,yes,2008,front
Hyundai,14800,crossover,88,2,Gas,yes,2010,full
Audi,7200,sedan,300,NA,Gas,yes,1999,
Audi,48000,crossover,90,3,Diesel,yes,2013,full
Hyundai,7500,sedan,150,3.3,Gas,yes,2006,front
Audi,2500,hatch,200,1.6,Petrol,no,1999,front
Hyundai,17500,crossover,100,2,Other,yes,2012,full
Audi,2600,sedan,160,2.5,Diesel,no,2002,
Hyundai,9400,sedan,90,2,Petrol,yes,2009,front
BMW,2700,sedan,220,2.5,Petrol,no,2002,rear
Hyundai,15500,crossover,22,2,Petrol,yes,2010,front
Hyundai,12000,hatch,7,1.4,Petrol,yes,2013,front
Hyundai,7500,hatch,150,1.25,Petrol,yes,2011,front
Hyundai,16900,crossover,78,2,Petrol,yes,2011,full
Audi,25900,sedan,104,2.8,Petrol,yes,2010,full
Hyundai,4600,hatch,140,1.1,Gas,yes,2006,front
Audi,51500,crossover,28,3,Diesel,yes,2014,full
Audi,81999,crossover,0,2.98,Diesel,yes,2016,full
BMW,8100,sedan,246,3,Diesel,yes,2000,rear
Hyundai,9200,other,190,2,Gas,yes,2007,front
Audi,3150,vagon,320,2.5,Diesel,no,2002,full
BMW,23900,crossover,60,2,Petrol,yes,2013,rear
Hyundai,7499,crossover,100,NA,Gas,no,2011,full
Audi,29999,other,90,3,Petrol,yes,2011,full
Hyundai,13499,sedan,31,1.6,Petrol,yes,2013,front
Audi,42900,crossover,140,3,Diesel,yes,2013,full
BMW,34900,crossover,110,4.4,Petrol,yes,2010,full
BMW,44000,crossover,80,3,Diesel,yes,2012,full
BMW,60500,crossover,1,2,Diesel,yes,2016,full
Audi,32000,sedan,103,2,Diesel,yes,2013,front
Hyundai,7000,sedan,115,1.5,Diesel,yes,2009,front
BMW,8900,sedan,250,2.5,Petrol,yes,2000,rear
Audi,16700,vagon,131,2,Diesel,yes,2009,front
Audi,6100,sedan,305,1.6,Other,yes,1996,
Hyundai,17500,vagon,3,1.6,Diesel,yes,2014,front
Hyundai,6500,sedan,65,1.4,Petrol,yes,2008,front
Audi,11115,hatch,150,1.6,Petrol,yes,2008,front
Audi,4800,other,207,2,Petrol,yes,2002,front
Audi,3200,vagon,244,2,Other,no,2006,front
BMW,45000,sedan,29,2,Diesel,yes,2016,rear
Audi,52000,other,124,3,Diesel,yes,2012,full
BMW,25000,crossover,130,3,Diesel,yes,2012,full
Audi,5300,other,370,1.8,Petrol,yes,1997,front
Audi,0,sedan,2,3,Diesel,yes,2015,full
BMW,45500,other,26,2,Diesel,yes,2015,rear
Audi,1852.5,sedan,150,1.8,Petrol,yes,1985,full
Hyundai,11300,sedan,40,1.6,Other,yes,2012,front
Audi,3500,sedan,265,2,Diesel,yes,1986,front
Hyundai,7150,sedan,60,1.4,Petrol,yes,2010,front
Audi,1900,sedan,450,2.5,Diesel,no,1996,front
Audi,4299,sedan,307,2.8,Gas,yes,1991,full
BMW,9500,sedan,400,3.5,Gas,yes,1999,rear
BMW,14990,sedan,135,2.5,Petrol,yes,2005,full
BMW,0,crossover,15,4.39,Petrol,yes,2015,full
BMW,14000,crossover,164,3,Diesel,no,2006,full
Audi,1400,sedan,250,1.8,Petrol,no,1993,front
BMW,67431,crossover,0,2,Diesel,yes,2016,full
BMW,40755,sedan,0,2,Petrol,yes,2016,rear
BMW,37976.25,sedan,0,2,Petrol,yes,2016,rear
BMW,65393.25,crossover,0,2,Diesel,yes,2016,full
Audi,52055.25,crossover,0,2,Diesel,yes,2016,full
Hyundai,7700,sedan,122,1.6,Gas,yes,2008,front
BMW,70000,sedan,16,3,Diesel,yes,2014,full
BMW,1900,sedan,200,1.8,Gas,no,1994,rear
Hyundai,8200,sedan,98,1.6,Gas,yes,2008,front
Audi,3000,sedan,265,1.8,Petrol,yes,1988,front
BMW,9500,sedan,217,2.2,Petrol,yes,2002,rear
BMW,3900,sedan,330,3,Diesel,no,2000,rear
Hyundai,2300,sedan,230,1.5,Petrol,yes,1994,front
BMW,5300,sedan,147,2.2,Gas,no,2001,rear
BMW,0,crossover,16,NA,Other,yes,2016,
Hyundai,6000,van,227,2.5,Diesel,yes,2006,rear
Hyundai,4900,crossover,230,2,Diesel,no,2004,full
Hyundai,11500,sedan,14,1.4,Petrol,yes,2013,front
BMW,0,sedan,1,3,Petrol,yes,2010,rear
BMW,10999,other,162,2.2,Petrol,yes,2002,rear
BMW,24700,other,85,4.4,Petrol,yes,2004,rear
BMW,75555,sedan,30,4.4,Petrol,yes,2014,full
BMW,37500,crossover,115,3,Diesel,yes,2008,full
Hyundai,8990,crossover,155,2,Gas,yes,2007,full
Audi,12800,sedan,217,1.8,Petrol,yes,2007,front
BMW,6500,sedan,280,2,Petrol,yes,1997,rear
Hyundai,13900,sedan,44,2,Petrol,yes,2010,front
BMW,6899,vagon,320,2.8,Gas,yes,1997,rear
Hyundai,11700,sedan,85,1.4,Petrol,yes,2013,front
BMW,21700,crossover,125,3,Petrol,yes,2007,full
Hyundai,8800,hatch,141,1.6,Diesel,yes,2009,front
Audi,16500,sedan,136,3.2,Petrol,yes,2007,front
Audi,2550,sedan,304,2.5,Diesel,no,1998,front
Hyundai,12900,crossover,49,2.7,Petrol,yes,2008,full
Hyundai,28500,crossover,0,2,Petrol,yes,2016,full
Audi,2000,sedan,360,1.6,Other,no,1996,
Hyundai,11000,sedan,116,3.3,Gas,yes,2007,front
Hyundai,6500,sedan,150,1.4,Petrol,yes,2008,front
Hyundai,6500,hatch,88,1.4,Petrol,yes,2006,front
BMW,6900,sedan,238,3.5,Petrol,yes,1999,rear
Audi,12000,sedan,200,6,Petrol,yes,2004,full
Hyundai,16000,crossover,97,2,Petrol,yes,2011,full
Hyundai,6700,sedan,70,1.4,Petrol,yes,2011,front
BMW,4100,sedan,26,3,Diesel,no,2001,rear
Audi,17800,sedan,177,4.2,Petrol,yes,2008,full
Audi,4200,sedan,236,2.5,Diesel,no,2003,full
Audi,47000,crossover,64,3,Diesel,yes,2013,full
BMW,14200,sedan,135,3,Gas,yes,2004,
Hyundai,10999,sedan,59,1.4,Petrol,yes,2011,front
Audi,8000,sedan,234,2.4,Petrol,yes,1998,full
Audi,0,sedan,177,1.8,Petrol,yes,1998,
BMW,3300,sedan,233,28,Petrol,no,1997,rear
Audi,39999,crossover,45,2,Diesel,yes,2014,full
Audi,68000,crossover,20,3,Petrol,yes,2014,full
BMW,42900,sedan,2,2,Petrol,yes,2016,rear
Hyundai,10500,crossover,170,2,Gas,yes,2008,full
BMW,7000,sedan,400,2.8,Petrol,yes,1998,rear
BMW,48550,other,147,4,Diesel,yes,2012,full
BMW,5400,sedan,404,2.5,Petrol,yes,1992,rear
BMW,27500,sedan,170,2,Diesel,yes,2011,rear
BMW,8800,crossover,284,3,Diesel,no,2004,full
BMW,4500,sedan,28,1.9,Petrol,yes,1995,
BMW,3800,sedan,250,3,Diesel,no,2002,rear
Audi,23900,sedan,180,3,Diesel,yes,2009,full
Hyundai,6200,sedan,92,1.4,Petrol,yes,2007,front
Audi,3000,sedan,278,2.5,Diesel,no,1999,front
Audi,5200,sedan,250,1.8,Other,yes,1996,front
BMW,12200,sedan,239,3,Diesel,yes,2001,rear
BMW,4500,sedan,230,4,Gas,yes,1994,rear
Audi,8100,vagon,302,2.5,Diesel,yes,2000,front
Audi,33500,crossover,67,2,Petrol,yes,2011,full
Hyundai,17200,crossover,92,2.2,Diesel,yes,2012,full
Audi,9300,sedan,186,2.8,Petrol,yes,2000,front
BMW,2300,sedan,189,1.8,Petrol,no,2002,rear
Audi,600,sedan,112,1.6,Petrol,yes,1980,front
Audi,3000,vagon,270,1.9,Diesel,no,2001,front
Audi,28500,crossover,74,2,Petrol,yes,2010,full
BMW,14500,sedan,215,NA,Petrol,yes,2006,full
Audi,11800,vagon,278,2.5,Diesel,yes,2005,full
Audi,3800,sedan,253,2.5,Diesel,no,1998,front
Audi,27300,other,150,4.2,Petrol,yes,2007,full
Audi,0,sedan,370,2.6,Other,yes,1997,front
BMW,20500,crossover,285,4.8,Petrol,yes,2006,full
Hyundai,9500,sedan,52,1.3,Petrol,yes,2011,front
BMW,3999,sedan,250,3,Diesel,no,2000,rear
Hyundai,15500,sedan,125,2,Petrol,yes,2012,front
BMW,5000,other,75,1.9,Petrol,no,1998,rear
BMW,25000,crossover,150,30,Petrol,yes,2007,full
Audi,4000,sedan,320,2.8,Petrol,yes,1992,front
Hyundai,10700,other,74,2,Gas,yes,2008,front
Audi,35000,sedan,61,2.8,Petrol,yes,2012,full
BMW,33000,crossover,200,3,Diesel,yes,2010,full
BMW,14300,sedan,217,3,Diesel,yes,2005,rear
Audi,0,sedan,280,4.2,Petrol,yes,2000,full
Audi,19500,crossover,175,3.6,Petrol,yes,2007,full
Audi,13000,other,161,1.8,Gas,yes,2001,front
Audi,3390,sedan,289,2.5,Diesel,no,2002,front
BMW,13200,sedan,150,2.2,Petrol,yes,2004,rear
BMW,25500,crossover,210,3,Gas,yes,2008,
BMW,2500,vagon,250,2.5,Diesel,no,2000,rear
BMW,3950,sedan,300,2,Petrol,yes,1986,rear
Audi,3550,sedan,215,2.5,Diesel,no,2001,front
Audi,2500,sedan,371,2.2,Gas,yes,1987,front
BMW,8400,sedan,297,2.2,Petrol,yes,2000,rear
BMW,19900,other,129,2,Petrol,yes,2008,rear
Hyundai,23800,crossover,115,2.2,Diesel,yes,2011,full
BMW,5850,sedan,250,4.5,Gas,yes,2001,rear
Audi,18700,sedan,136,2,Diesel,yes,2009,full
Audi,11900,sedan,131,2,Petrol,yes,2007,front
BMW,2600,sedan,250,1.6,Petrol,yes,1996,rear
Hyundai,6300,hatch,97,1.4,Petrol,yes,2007,front
Hyundai,7700,sedan,117,1.6,Petrol,yes,2007,front
BMW,42000,sedan,71,2.99,Petrol,yes,2011,full
BMW,3400,vagon,191,2,Diesel,no,2002,rear
BMW,13500,sedan,138,2.5,Petrol,yes,2004,rear
Hyundai,14500,crossover,90,2.7,Gas,yes,2008,full
Audi,3500,sedan,354,2.5,Diesel,no,2000,full
BMW,4850,sedan,280,3,Diesel,no,1999,rear
Audi,6500,sedan,330,2.4,Petrol,yes,1999,front
Hyundai,6200,sedan,82,1.4,Gas,yes,2009,front
BMW,4700,sedan,200,2.5,Petrol,yes,1995,rear
BMW,75000,crossover,20,3,Diesel,yes,2014,full
Audi,10900,sedan,225,2.4,Petrol,yes,2005,front
BMW,17200,crossover,308,4.6,Gas,yes,2003,full
Audi,34419.45,sedan,0,1.4,Petrol,yes,2016,
Hyundai,7200,van,125,1.5,Diesel,yes,2007,front
Hyundai,5300,other,186,1.3,Petrol,yes,2005,front
Hyundai,18500,crossover,72,2,Gas,yes,2011,full
BMW,0,sedan,65,2,Petrol,yes,2012,rear
BMW,45000,crossover,80,3,Petrol,yes,2011,full
BMW,28000,sedan,127,2.5,Petrol,yes,2010,rear
Audi,3500,vagon,250,2.5,Diesel,no,1998,front
BMW,23500,crossover,180,4.8,Petrol,yes,2008,full
Hyundai,8900,crossover,160,2,Diesel,yes,2006,full
Hyundai,13999,sedan,9,1.4,Diesel,yes,2014,front
Hyundai,9000,crossover,170,2,Petrol,yes,2008,front
BMW,21700,crossover,101,2.5,Gas,yes,2007,full
BMW,15250,other,144,3,Petrol,yes,2004,rear
BMW,10600,sedan,285,2,Diesel,yes,2007,
BMW,26900,crossover,140,4.8,Petrol,yes,2009,full
Hyundai,17250,crossover,97,2,Gas,yes,2011,full
BMW,57000,other,20,3.5,Petrol,yes,2013,
Audi,2750,sedan,450,2.5,Diesel,no,1999,front
BMW,10800,sedan,180,2,Petrol,yes,2002,rear
BMW,4300,sedan,240,2.5,Diesel,no,2002,rear
Hyundai,13950,sedan,67,1.8,Petrol,yes,2012,front
Audi,10700,vagon,222,2.5,Diesel,yes,2005,front
Hyundai,6999,sedan,103,1.5,Diesel,yes,2008,front
BMW,42500,crossover,29,3,Petrol,yes,2011,full
BMW,38000,sedan,61,NA,Petrol,yes,2013,rear
Hyundai,10500,crossover,112,2,Petrol,yes,2008,full
BMW,33500,sedan,65,2,Petrol,yes,2013,rear
BMW,32000,crossover,138,3,Petrol,yes,2009,full
Hyundai,10300,crossover,184,2,Gas,yes,2007,full
Hyundai,7000,sedan,113,1.5,Diesel,yes,2008,front
Hyundai,5100,hatch,110,1.4,Other,yes,2005,front
Hyundai,5400,hatch,133,1.4,Petrol,yes,2004,front
Audi,38500,vagon,75,2,Diesel,yes,2013,full
Audi,10500,vagon,198,4.2,Gas,yes,2005,full
BMW,8100,crossover,175,3,Gas,no,2005,full
BMW,14000,crossover,240,4.4,Gas,yes,2002,full
BMW,18000,sedan,180,2,Other,no,2011,rear
BMW,9500,sedan,315,2.5,Diesel,yes,2001,rear
BMW,8200,sedan,238,3,Diesel,no,2004,rear
BMW,71500,crossover,19,2.5,Diesel,yes,2015,full
BMW,8999,other,160,1.8,Petrol,yes,1997,rear
Audi,2400,sedan,305,2.3,Gas,yes,1989,front
BMW,4900,sedan,295,2,Petrol,yes,1994,rear
Hyundai,9900,vagon,159,1.6,Other,yes,2011,front
Audi,12900,vagon,255,2.5,Diesel,yes,2005,full
BMW,28000,crossover,116,NA,Petrol,yes,2008,full
Audi,6200,vagon,316,2.6,Gas,yes,1997,full
Audi,3250,sedan,285,NA,Gas,no,1996,full
BMW,34500,sedan,45,2,Petrol,yes,2013,full
BMW,23000,other,100,NA,Other,yes,2005,
BMW,3200,sedan,178,1.9,Petrol,no,2001,rear
Audi,7200,sedan,250,2.4,Gas,yes,1998,front
Hyundai,10500,crossover,135,2,Gas,yes,2008,full
BMW,5400,crossover,250,3,Petrol,no,2003,full
BMW,5500,sedan,402,2,Petrol,yes,1988,
Hyundai,11999,sedan,108,1.6,Gas,yes,2011,
Hyundai,14500,crossover,146,2.2,Diesel,yes,2007,full
BMW,32500,sedan,131,2,Diesel,yes,2010,rear
Audi,2100,vagon,230,1.9,Diesel,no,2000,
BMW,2666,sedan,360,2.5,Diesel,no,1996,rear
Hyundai,9200,hatch,7,1.2,Petrol,yes,2011,front
Hyundai,6800,hatch,86,1.4,Gas,yes,2007,front
Hyundai,9600,crossover,180,2,Petrol,yes,2008,full
BMW,27300,sedan,155,2,Diesel,yes,2012,rear
Audi,25000,other,60,2,Petrol,yes,2011,full
Audi,1950,vagon,300,1.8,Petrol,no,1999,full
Audi,2400,sedan,310,2,Diesel,yes,1989,front
BMW,51000,sedan,97,3,Diesel,yes,2011,rear
BMW,38500,sedan,140,2,Diesel,yes,2012,rear
BMW,45200,crossover,68,3,Diesel,yes,2012,full
Audi,22500,sedan,99,2,Other,yes,2010,full
BMW,32500,sedan,134,2,Diesel,yes,2010,rear
BMW,5000,sedan,270,3,Diesel,yes,2000,rear
Hyundai,10000,crossover,106,2.7,Petrol,yes,2007,full
BMW,11500,sedan,290,3,Diesel,yes,2001,rear
Hyundai,5900,van,141,1.6,Petrol,yes,2005,front
BMW,117000,crossover,1,NA,Other,yes,2016,
Hyundai,7900,other,77,1.2,Petrol,yes,2011,front
Hyundai,11300,crossover,116,2,Diesel,yes,2009,full
BMW,3700,other,110,2.5,Petrol,yes,1983,rear
BMW,6700,sedan,370,2,Petrol,yes,1997,rear
BMW,13000,sedan,220,2.5,Petrol,yes,2005,rear
BMW,15299,other,136,NA,Petrol,yes,2008,rear
BMW,7400,sedan,277,3.5,Gas,yes,1998,rear
Audi,36500,crossover,159,3,Diesel,yes,2010,full
Audi,7999,sedan,177,2.7,Gas,yes,2003,full
Audi,3300,sedan,300,1.8,Gas,yes,1987,front
BMW,4700,sedan,230,2.5,Petrol,yes,1990,rear
Hyundai,11500,crossover,135,2,Petrol,yes,2006,full
Hyundai,6500,hatch,108,1.4,Gas,yes,2007,front
BMW,11900,sedan,300,2.5,Gas,yes,2004,rear
BMW,18500,crossover,250,4.4,Gas,yes,2005,full
BMW,7000,sedan,338,NA,Petrol,yes,1997,rear
Audi,14900,sedan,203,2.8,Petrol,yes,2008,full
BMW,48900,crossover,60,3,Diesel,yes,2011,full
Audi,1350,vagon,400,1.9,Diesel,no,1994,front
BMW,25500,crossover,187,4.8,Gas,yes,2007,
Audi,6700,sedan,340,2.6,Gas,yes,1997,front
Hyundai,11000,sedan,149,3.3,Petrol,yes,2008,front
Audi,23500,crossover,119,4.2,Gas,yes,2007,full
BMW,25999,sedan,80,2,Petrol,yes,2012,rear
Audi,13500,sedan,196,2.4,Petrol,yes,2005,front
Hyundai,6700,sedan,100,1.6,Petrol,yes,2008,front
Hyundai,16300,sedan,93,2.4,Gas,yes,2012,front
Hyundai,9900,sedan,40,1.4,Petrol,yes,2011,front
BMW,24100,vagon,112,3,Petrol,yes,2011,full
BMW,8000,crossover,214,4.4,Petrol,no,2000,full
BMW,14300,sedan,198,NA,Petrol,yes,2005,rear
Hyundai,6900,sedan,86,1.4,Gas,yes,2009,front
Audi,9500,vagon,165,2.7,Gas,yes,2003,full
BMW,15200,sedan,227,2.5,Petrol,yes,2008,rear
Audi,56000,crossover,44,3,Diesel,yes,2014,full
BMW,9000,sedan,245,3,Diesel,yes,2001,rear
Hyundai,14850,sedan,75,18,Gas,yes,2012,front
Hyundai,10900,sedan,22,1.4,Petrol,yes,2014,front
BMW,6600,sedan,285,2.5,Petrol,yes,1999,rear
Hyundai,9300,sedan,58,1.4,Petrol,yes,2011,front
BMW,26800,sedan,47,2,Petrol,yes,2013,rear
BMW,65500,crossover,1,2,Diesel,yes,2016,full
Audi,16800,hatch,47,1.2,Petrol,yes,2013,front
Audi,15000,hatch,66,1.2,Petrol,yes,2011,front
BMW,33000,sedan,60,NA,Petrol,yes,2012,rear
Audi,3500,other,360,2.2,Gas,yes,1990,full
BMW,22100,hatch,42,1.6,Petrol,yes,2013,rear
Audi,3400,vagon,261,2.5,Diesel,no,2004,front
Audi,3900,sedan,247,2.5,Diesel,no,2003,front
Hyundai,5500,hatch,87,1.4,Petrol,yes,2007,front
BMW,11600,sedan,142,2,Petrol,yes,2005,rear
BMW,9000,sedan,225,2.2,Gas,yes,2002,rear
BMW,2650,vagon,335,2,Petrol,no,2000,rear
BMW,4600,sedan,340,2,Gas,yes,1995,rear
Hyundai,18999,crossover,48,2,Gas,yes,2011,full
BMW,41000,crossover,80,3,Petrol,yes,2012,full
Audi,30900,vagon,118,2,Petrol,yes,2013,full
Audi,15800,hatch,123,1.4,Petrol,yes,2010,front
Audi,7900,sedan,274,1.8,Gas,yes,2003,front
Audi,4800,sedan,390,2.6,Petrol,yes,1993,front
Audi,3600,vagon,250,2.5,Other,yes,1999,front
BMW,9000,sedan,175,3,Petrol,no,2006,full
Audi,10000,sedan,131,1.8,Petrol,yes,2005,front
Audi,30999,sedan,2,1.4,Petrol,yes,2016,front
BMW,2200,sedan,460,2.4,Diesel,yes,1988,rear
Audi,30500,sedan,110,3,Petrol,yes,2011,full
BMW,137000,crossover,2,4.4,Petrol,yes,2016,full
BMW,7777,other,375,4,Diesel,yes,2000,
BMW,10500,hatch,220,2,Petrol,yes,2005,rear
BMW,16400,sedan,187,4.8,Gas,yes,2007,rear
BMW,3499,sedan,101,2.5,Petrol,yes,1990,rear
BMW,18500,sedan,114,2,Gas,yes,2008,rear
Audi,33500,hatch,35,1.8,Petrol,yes,2014,front
BMW,36900,sedan,81,3,Diesel,yes,2010,rear
BMW,2200,sedan,290,2.5,Gas,yes,1997,
BMW,17300,sedan,180,3,Diesel,yes,2007,rear
Audi,6600,sedan,360,1.8,Petrol,yes,1998,front
Hyundai,9500,crossover,140,2,Gas,yes,2008,full
Audi,11500,sedan,85,1.8,Petrol,yes,2007,front
BMW,7800,sedan,310,2,Gas,yes,2000,rear
BMW,32900,crossover,90,3,Petrol,yes,2008,full
BMW,36500,sedan,33,2,Diesel,yes,2014,rear
BMW,19900,other,95,4.5,Petrol,yes,2005,rear
BMW,27900,sedan,38,2,Petrol,yes,2013,rear
BMW,23500,crossover,140,4.8,Petrol,yes,2008,full
Audi,16800,sedan,47,1.2,Petrol,yes,2013,front
Hyundai,12000,hatch,70,1.6,Diesel,yes,2011,front
Hyundai,4800,sedan,220,1.6,Petrol,yes,2002,front
BMW,8700,other,212,3,Diesel,no,2004,rear
Hyundai,10400,sedan,78,1.4,Petrol,yes,2011,front
Hyundai,18499,crossover,39,2,Petrol,yes,2011,full
BMW,2850,sedan,386,5,Gas,yes,1988,rear
Hyundai,2300,van,210,2.5,Diesel,yes,1998,rear
BMW,6100,sedan,205,1.8,Petrol,yes,2001,rear
BMW,72900,crossover,16,3,Diesel,yes,2015,full
Hyundai,21400,crossover,96,2.2,Diesel,yes,2012,full
Audi,12800,other,0,NA,Other,yes,2005,
Audi,21500,vagon,165,2,Diesel,yes,2010,front
BMW,8900,sedan,234,3.5,Gas,yes,1999,rear
BMW,11700,sedan,316,NA,Diesel,yes,2001,rear
BMW,2050,vagon,300,2.5,Diesel,no,1997,rear
BMW,4000,sedan,335,2,Diesel,no,1999,rear
Hyundai,8999,hatch,74,1.4,Petrol,yes,2011,
BMW,58500,crossover,80,3,Diesel,yes,2013,full
Audi,9499,sedan,255,2.5,Diesel,yes,2002,front
BMW,58500,crossover,80,3,Diesel,yes,2013,full
BMW,3600,sedan,221,3,Diesel,no,2002,rear
Audi,4400,sedan,340,2.8,Gas,yes,1992,front
BMW,18000,crossover,280,3,Diesel,yes,2005,full
Audi,17500,vagon,144,2,Diesel,yes,2010,front
BMW,5900,hatch,243,2,Petrol,no,2006,
Hyundai,30900,crossover,0,2,Petrol,yes,2016,full
BMW,1400,sedan,260,1.8,Petrol,no,1996,rear
Hyundai,35500,crossover,0,2,Diesel,yes,2016,full
BMW,22600,crossover,69,3,Petrol,no,2013,full
Hyundai,17999,crossover,39,2,Petrol,yes,2013,
BMW,16700,crossover,260,4.4,Petrol,yes,2003,full
Hyundai,17950,crossover,17,2,Petrol,yes,2013,full
BMW,16100,crossover,194,3,Diesel,yes,2004,full
Hyundai,13300,crossover,122,2.7,Gas,yes,2009,full
BMW,46800,sedan,33,2,Diesel,yes,2014,rear
BMW,15400,vagon,179,2,Diesel,yes,2007,front
Hyundai,17500,crossover,88,NA,Other,yes,2012,
Audi,4200,vagon,215,2.5,Diesel,no,2003,full
Audi,23000,crossover,167,3.6,Petrol,yes,2008,full
BMW,7400,sedan,285,4.4,Gas,yes,1997,rear
BMW,12700,hatch,130,2,Petrol,yes,2007,rear
Audi,7800,sedan,90,2.2,Gas,yes,1994,full
Hyundai,6250,sedan,190,2,Petrol,yes,2006,front
Audi,8150,sedan,162,2,Petrol,yes,2004,front
Hyundai,10800,sedan,182,3.3,Gas,yes,2008,front
BMW,12800,sedan,194,4.4,Gas,yes,2002,rear
Hyundai,9500,crossover,170,2,Gas,yes,2008,
Audi,23000,other,115,1.8,Petrol,yes,2008,
Hyundai,8200,hatch,27,1.4,Petrol,yes,2011,
BMW,3500,hatch,1,2,Petrol,yes,2006,rear
Audi,2099,sedan,314,1.9,Diesel,no,1996,front
Audi,13200,vagon,182,2.7,Gas,yes,2003,full
BMW,33500,sedan,1,1.5,Petrol,yes,2015,rear
Audi,35000,sedan,92,2.8,Petrol,yes,2013,full
Hyundai,6400,sedan,113,1.4,Petrol,yes,2007,front
Audi,2650,vagon,268,2.5,Diesel,no,2000,
BMW,5000,sedan,305,2,Petrol,yes,1995,rear
BMW,24999,vagon,24,2,Petrol,yes,2012,rear
BMW,5000,sedan,400,2,Petrol,yes,1991,rear
Audi,9800,hatch,165,1.6,Gas,yes,2006,front
BMW,0,crossover,6,4.4,Petrol,yes,2016,full
Hyundai,10900,crossover,97,2,Diesel,yes,2008,full
Audi,33900,other,14,1.8,Petrol,yes,2014,front
Hyundai,27800,crossover,93,3,Diesel,yes,2012,full
Audi,14200,sedan,176,3,Diesel,yes,2005,full
Audi,3500,sedan,1,2,Other,yes,1988,front
Hyundai,12900,sedan,143,2,Petrol,yes,2010,
Hyundai,10100,sedan,150,2,Gas,yes,2008,front
Audi,23500,crossover,245,3,Diesel,yes,2007,full
Audi,33000,crossover,60,2,Petrol,yes,2011,full
Hyundai,20700,sedan,18,2.4,Gas,yes,2014,front
BMW,36900,crossover,82,3,Petrol,yes,2010,full
Audi,35900,sedan,105,2,Diesel,yes,2014,front
Hyundai,4300,van,250,2.5,Diesel,yes,2001,rear
BMW,8400,sedan,220,2.2,Gas,yes,2001,rear
Hyundai,5900,hatch,106,1.6,Petrol,yes,2006,front
BMW,8850,vagon,280,2.5,Diesel,yes,2000,rear
BMW,13700,sedan,122,2,Petrol,yes,2007,rear
BMW,4800,vagon,400,2.5,Diesel,yes,1994,rear
BMW,62900,crossover,1,2,Diesel,yes,2016,full
BMW,47000,other,5,2,Petrol,yes,2014,rear
Audi,18400,vagon,151,2,Diesel,yes,2010,front
BMW,8100,vagon,180,2,Diesel,no,2011,front
BMW,19900,other,218,3,Petrol,yes,2007,rear
BMW,34900,vagon,136,2,Diesel,yes,2012,rear
BMW,21000,hatch,79,1.6,Petrol,yes,2013,rear
Audi,6900,sedan,327,3.7,Petrol,yes,1997,full
BMW,6500,sedan,1,3,Petrol,yes,1995,rear
BMW,45500,sedan,42,2,Diesel,yes,2014,rear
BMW,11700,sedan,270,3,Diesel,yes,2003,rear
Audi,3700,hatch,420,2,Diesel,no,2004,front
BMW,5800,other,400,2,Petrol,yes,1998,rear
BMW,31000,vagon,15,NA,Other,yes,2015,front
BMW,4100,sedan,350,2.4,Diesel,yes,1992,rear
Audi,17000,crossover,127,3,Diesel,no,2013,full
BMW,8500,sedan,245,2.2,Petrol,yes,2002,rear
Hyundai,6400,hatch,79,1.4,Petrol,yes,2007,front
BMW,11800,crossover,210,3,Diesel,no,2006,full
BMW,3700,sedan,305,1.9,Petrol,no,2000,rear
Audi,30500,vagon,152,3,Diesel,yes,2012,full
Audi,8700,sedan,202,3.7,Gas,yes,1998,full
Audi,49900,other,79,4.2,Petrol,yes,2007,full
BMW,2800,sedan,300,1.8,Other,yes,1987,rear
BMW,6499,other,230,3,Diesel,no,2002,
Audi,0,sedan,166,3,Gas,yes,2005,full
Audi,53700,crossover,67,3,Petrol,yes,2013,full
Audi,15000,sedan,168,NA,Other,yes,2007,
BMW,0,sedan,145,2,Diesel,yes,2007,rear
Audi,14300,sedan,175,3,Petrol,yes,2006,full
BMW,10800,other,191,2.2,Petrol,yes,2002,rear
Audi,1750,vagon,330,1.9,Diesel,no,1996,front
BMW,5800,sedan,270,4.4,Petrol,yes,1996,rear
BMW,12500,crossover,176,3,Gas,yes,2002,full
Audi,31500,sedan,80,2,Petrol,yes,2013,front
BMW,12800,sedan,140,2.2,Petrol,yes,2005,rear
BMW,22500,other,100,3,Petrol,yes,2007,rear
BMW,19000,crossover,215,3,Diesel,yes,2006,full
Audi,69999,crossover,21,3,Petrol,yes,2015,full
BMW,17700,sedan,98,2,Petrol,yes,2011,rear
Audi,21000,sedan,210,4.2,Petrol,yes,2009,full
BMW,51500,crossover,23,3,Petrol,yes,2013,full
BMW,39900,crossover,82,3,Petrol,yes,2011,full
Hyundai,23999,crossover,62,2.2,Diesel,yes,2012,full
Audi,20500,sedan,106,1.8,Petrol,yes,2011,front
Hyundai,5000,van,5,2.5,Diesel,yes,1999,rear
BMW,18777,sedan,134,4.4,Petrol,yes,2005,rear
BMW,4950,sedan,1,3,Petrol,yes,1996,rear
Audi,44000,hatch,1,1.4,Petrol,yes,2016,
Hyundai,13000,sedan,6,1.4,Petrol,yes,2012,front
Audi,3000,vagon,270,2.5,Diesel,yes,1998,front
Audi,2500,vagon,280,2.5,Other,no,1999,full
BMW,23900,crossover,162,4.8,Petrol,yes,2007,full
BMW,64999,sedan,15,3,Petrol,yes,2012,rear
Hyundai,10200,other,82,2,Gas,yes,2008,front
Hyundai,7400,hatch,112,1.4,Other,yes,2008,front
BMW,11900,sedan,1,2.8,Petrol,yes,2002,rear
Audi,1999,sedan,400,1.6,Diesel,yes,1986,front
Audi,2550,vagon,1,2.5,Diesel,no,1998,front
Audi,13700,sedan,300,2,Diesel,yes,2005,front
Audi,27300,other,65,2,Petrol,yes,2011,full
Hyundai,34500,crossover,0,2,Diesel,yes,2016,full
Hyundai,18000,crossover,55,2,Petrol,yes,2012,full
Audi,10900,sedan,199,3,Petrol,yes,2004,front
Hyundai,10700,hatch,114,1.6,Diesel,yes,2011,front
Audi,9700,sedan,249,2.5,Diesel,yes,2004,full
Audi,23333,other,150,4.2,Petrol,yes,2007,full
Audi,48900,other,82,4.2,Petrol,yes,2007,full
BMW,13000,sedan,90,5,Petrol,no,2008,rear
BMW,37500,other,55,2,Petrol,yes,2014,rear
BMW,18700,crossover,260,3,Diesel,yes,2006,full
BMW,13950,crossover,278,3,Diesel,yes,2003,full
Audi,39999,crossover,45,2,Diesel,yes,2014,full
BMW,19500,sedan,190,6,Petrol,yes,2004,rear
Hyundai,0,crossover,0,2.2,Diesel,yes,2016,full
BMW,52222,hatch,3,2,Diesel,yes,2016,full
Audi,6200,sedan,200,1.8,Petrol,yes,2003,front
Audi,8600,sedan,260,2.5,Diesel,yes,2002,front
Hyundai,33500,crossover,0,2,Petrol,yes,2016,full
BMW,6699,sedan,299,2.2,Petrol,yes,2001,rear
Audi,6499,sedan,270,4.2,Petrol,yes,2000,full
Hyundai,9650,crossover,170,2,Diesel,yes,2006,full
BMW,9100,sedan,230,2,Gas,yes,2004,rear
BMW,3000,sedan,350,99.99,Other,yes,1992,rear
Audi,39900,other,12,1.8,Petrol,yes,2014,front
BMW,17800,vagon,159,3,Diesel,yes,2008,rear
Hyundai,15450,crossover,63,2,Petrol,yes,2011,full
BMW,7400,sedan,279,3.5,Gas,yes,1998,rear
Audi,11900,sedan,195,2.4,Gas,yes,2005,front
Hyundai,5500,hatch,110,1.4,Petrol,yes,2007,front
Audi,8400,sedan,260,1.8,Gas,yes,2003,front
BMW,0,crossover,0,2,Diesel,yes,2016,full
BMW,0,hatch,107,2,Petrol,yes,2006,rear
BMW,68500,sedan,43,4.4,Petrol,yes,2013,full
Audi,2000,vagon,310,2.5,Other,no,1998,front
Hyundai,6999,sedan,71,1.4,Other,yes,2008,front
BMW,65000,crossover,58,4.4,Petrol,yes,2014,full
BMW,18100,crossover,200,4.8,Petrol,yes,2005,full
Audi,13300,sedan,207,4.2,Petrol,yes,2004,full
Hyundai,9500,hatch,45,1.4,Petrol,yes,2011,front
Hyundai,9700,vagon,42,1.8,Petrol,yes,2011,front
Audi,1700,sedan,177,1.6,Petrol,no,1996,front
BMW,52300,sedan,55,3,Diesel,yes,2013,full
BMW,8500,sedan,352,2.17,Petrol,yes,2001,front
Hyundai,18300,other,0,NA,Other,yes,2012,
Hyundai,12500,sedan,50,1.6,Petrol,yes,2013,front
Audi,6500,vagon,421,2.5,Diesel,yes,1996,front
Audi,31999,sedan,107,3,Diesel,yes,2009,full
BMW,2899,sedan,340,2.4,Diesel,yes,1988,rear
Audi,63200,sedan,0,2,Petrol,yes,2016,full
Audi,62000,vagon,24,3,Diesel,yes,2015,full
Hyundai,9800,crossover,66,2,Petrol,yes,2007,front
BMW,13000,sedan,193,3.6,Petrol,yes,2003,rear
Audi,2800,sedan,330,NA,Other,yes,1989,
Hyundai,10900,sedan,115,2,Other,yes,2008,front
Hyundai,6200,sedan,112,1.4,Petrol,yes,2007,front
BMW,5650,sedan,284,2,Petrol,yes,1998,rear
BMW,32500,vagon,162,3,Diesel,yes,2012,rear
Audi,22999,crossover,125,4.2,Petrol,yes,2008,full
BMW,9500,sedan,339,3,Diesel,yes,2001,rear
BMW,6500,sedan,272,2.8,Petrol,yes,1996,rear
BMW,34000,sedan,115,5,Petrol,yes,2008,full
Audi,30900,crossover,70,2,Petrol,yes,2012,full
Audi,80999,crossover,0,3,Diesel,yes,2016,full
BMW,4800,sedan,111,2.5,Gas,yes,1991,rear
BMW,27000,sedan,137,5,Other,yes,2005,
Hyundai,8900,hatch,118,1.6,Diesel,yes,2008,front
Hyundai,29800,other,49,2.4,Petrol,yes,2013,full
Audi,7900,sedan,242,2,Petrol,yes,2002,
BMW,10900,sedan,375,4.4,Gas,yes,2001,rear
Audi,8999,vagon,200,2.7,Petrol,yes,2003,full
Hyundai,12900,crossover,49,2.7,Petrol,yes,2008,full
Audi,12999,vagon,225,2.5,Diesel,yes,2004,full
Hyundai,13500,crossover,130,2.2,Diesel,yes,2007,full
BMW,22000,other,138,4.8,Petrol,yes,2007,rear
Audi,8200,other,326,2.5,Diesel,yes,2002,full
Hyundai,5950,sedan,109,1.4,Petrol,yes,2008,front
BMW,2700,other,287,2.5,Diesel,no,1998,rear
BMW,0,sedan,43,3,Petrol,yes,2011,
Audi,8999,vagon,190,2.7,Gas,yes,2004,full
BMW,4099,sedan,50,2.5,Petrol,yes,1988,rear
Hyundai,12899,crossover,49,2.7,Petrol,yes,2008,full
BMW,3500,sedan,313,2.5,Diesel,yes,1994,rear
Hyundai,8800,sedan,71,2,Petrol,yes,2007,front
BMW,64900,crossover,73,3,Diesel,yes,2013,full
Audi,3000,sedan,267,2.5,Diesel,no,1999,front
BMW,7250,sedan,300,2.8,Petrol,yes,1999,rear
BMW,42000,crossover,128,4.4,Petrol,yes,2011,full
BMW,15000,crossover,85,4.8,Petrol,no,2010,full
Audi,1850,sedan,250,2.5,Diesel,no,1999,front
BMW,8900,sedan,240,2,Diesel,yes,2001,rear
Hyundai,30900,crossover,0,2,Petrol,yes,2016,full
Hyundai,6700,sedan,54,1.4,Petrol,yes,2008,front
Hyundai,0,crossover,0,2.2,Diesel,yes,2016,full
Hyundai,0,crossover,0,2,Diesel,yes,2016,full
Hyundai,5300,van,342,2.5,Diesel,yes,2000,rear
Hyundai,12777,crossover,102,2,Petrol,yes,2008,full
BMW,4300,other,280,2.5,Petrol,yes,1985,rear
BMW,23700,crossover,117,2,Diesel,yes,2010,rear
BMW,40000,crossover,48,4.4,Petrol,yes,2009,full
Hyundai,8500,hatch,76,1.1,Petrol,yes,2011,front
Hyundai,12700,vagon,90,2,Petrol,yes,2012,full
BMW,37500,crossover,110,4.4,Petrol,yes,2011,full
Hyundai,12600,sedan,87,1.6,Petrol,yes,2012,front
Audi,20900,crossover,185,4.2,Petrol,yes,2006,full
BMW,9800,sedan,264,3,Diesel,yes,2001,rear
BMW,6300,sedan,270,3.5,Petrol,yes,1998,rear
Hyundai,8800,hatch,122,1.6,Diesel,yes,2008,
Audi,19999,vagon,160,2,Petrol,yes,2010,full
BMW,6500,sedan,320,3,Gas,yes,2000,rear
BMW,6800,sedan,230,2,Petrol,yes,1998,rear
Hyundai,12500,crossover,90,2,Diesel,yes,2008,full
BMW,7700,sedan,326,2.8,Petrol,yes,1998,rear
BMW,0,crossover,0,3,Diesel,yes,2016,full
BMW,51500,hatch,77,3,Petrol,yes,2012,full
BMW,42000,crossover,33,2,Petrol,yes,2014,full
Audi,8300,sedan,186,2.5,Diesel,yes,1996,front
Audi,2550,sedan,370,2.5,Diesel,no,1998,front
BMW,9999,sedan,271,3,Diesel,yes,2001,rear
BMW,45500,crossover,76,4.4,Petrol,yes,2010,full
Audi,10500,vagon,243,2.5,Diesel,yes,2003,full
BMW,5900,sedan,390,1.8,Gas,yes,1996,rear
BMW,133000,crossover,7,4.4,Petrol,yes,2015,full
BMW,0,crossover,0,3,Diesel,yes,2016,full
Hyundai,6200,sedan,114,1.4,Petrol,yes,2008,front
Hyundai,9100,van,160,2.5,Diesel,yes,2009,rear
BMW,112000,sedan,16,3,Diesel,yes,2015,full
BMW,39000,crossover,38,3,Petrol,yes,2009,full
Audi,6700,sedan,470,2,Diesel,yes,1997,front
BMW,39500,crossover,115,4.4,Petrol,yes,2010,full
BMW,6800,sedan,297,2.5,Petrol,yes,2000,rear
Audi,12450,vagon,1,2,Diesel,yes,2008,front
BMW,24500,sedan,114,NA,Petrol,yes,2005,rear
BMW,30500,crossover,147,3,Diesel,yes,2008,full
BMW,52300,sedan,55,3,Diesel,yes,2013,full
BMW,10600,sedan,1,3,Diesel,yes,2000,rear
BMW,8700,sedan,355,3,Diesel,yes,2000,rear
Audi,15900,hatch,160,1.4,Petrol,yes,2011,front
Hyundai,8960,other,60,1.6,Other,yes,2011,front
Audi,9700,vagon,189,2.5,Diesel,yes,2003,full
BMW,32000,crossover,108,3,Petrol,yes,2008,full
BMW,6500,sedan,388,3.5,Petrol,yes,1998,rear
Hyundai,16700,crossover,22,2,Petrol,yes,2011,full
Audi,14500,hatch,60,1.2,Petrol,yes,2011,front
Audi,11800,sedan,240,4.2,Gas,yes,2001,full
BMW,5900,sedan,10,2.8,Petrol,yes,1989,rear
BMW,7998,sedan,253,NA,Petrol,yes,1998,rear
Audi,95000,other,30,5.2,Petrol,yes,2010,full
BMW,17800,crossover,265,3,Diesel,yes,2005,full
Audi,4000,sedan,315,2.3,Gas,yes,1991,front
BMW,41000,sedan,97,4.4,Petrol,yes,2011,full
Hyundai,9700,sedan,12,1.4,Petrol,yes,2011,
Audi,14300,other,80,4.2,Petrol,yes,2004,full
BMW,6399,sedan,282,2,Petrol,yes,1995,rear
BMW,5300,sedan,204,1.8,Petrol,yes,1993,rear
Hyundai,6000,other,275,NA,Petrol,yes,2002,front
BMW,37700,crossover,108,3,Petrol,yes,2011,full
BMW,3999,sedan,238,1.8,Petrol,yes,1996,rear
BMW,47777,crossover,142,3,Other,yes,2011,full
BMW,85555,sedan,10,3,Other,yes,2015,full
Audi,33900,sedan,58,2,Petrol,yes,2014,full
Audi,98000,other,12,5.2,Petrol,yes,2012,full
BMW,30000,sedan,78,3.8,Petrol,yes,1993,rear
BMW,1900,vagon,285,2.5,Diesel,no,1997,rear
BMW,0,sedan,99,4.4,Petrol,yes,2013,full
BMW,5500,sedan,200,3.5,Gas,yes,1998,rear
Hyundai,17599,crossover,58,2,Petrol,yes,2011,front
Hyundai,7400,hatch,59,1.4,Petrol,yes,2008,front
Hyundai,36500,crossover,0,2,Diesel,yes,2016,full
Hyundai,2100,crossover,230,2.5,Diesel,no,1998,full
BMW,7100,sedan,313,2,Gas,yes,1997,rear
BMW,8999,sedan,270,2.8,Petrol,yes,1998,rear
Audi,2800,sedan,230,2.8,Petrol,yes,1997,front
BMW,47300,crossover,10,2,Diesel,yes,2016,full
BMW,3990,sedan,350,2.5,Petrol,yes,1995,rear
Audi,12000,sedan,9,NA,Petrol,no,2015,
Hyundai,11999,vagon,55,1.6,Diesel,yes,2012,front
Audi,18800,crossover,197,4.2,Petrol,yes,2007,full
Hyundai,5850,crossover,20,2,Diesel,yes,2014,full
Hyundai,5700,sedan,118,1.4,Petrol,yes,2007,front
BMW,55500,crossover,90,3,Diesel,yes,2013,full
BMW,22500,sedan,179,3,Diesel,yes,2007,rear
Audi,13333,other,178,2,Diesel,yes,2008,front
Audi,19500,crossover,186,4.2,Petrol,yes,2006,full
BMW,9900,other,93,2.5,Petrol,yes,2003,rear
Audi,39800,sedan,180,4.2,Other,yes,2012,full
BMW,39900,sedan,5,2,Petrol,yes,2016,rear
BMW,115800,crossover,4,3,Diesel,yes,2016,full
Audi,7950,vagon,167,2.5,Diesel,yes,2000,full
Audi,2300,vagon,25,2.5,Diesel,no,1999,front
Hyundai,19500,crossover,65,2,Diesel,yes,2011,full
Hyundai,20300,crossover,83,2,Diesel,yes,2011,full
Audi,29800,crossover,151,3,Diesel,yes,2007,full
Audi,3800,sedan,257,2,Petrol,yes,1993,
BMW,21700,sedan,259,3,Diesel,yes,2007,rear
Audi,2100,sedan,217,1.9,Diesel,no,1996,front
Hyundai,18200,crossover,88,2,Petrol,yes,2012,full
Hyundai,8500,hatch,71,1.6,Petrol,yes,2011,front
Audi,4999,crossover,242,2.5,Diesel,no,2003,full
Hyundai,3700,sedan,119,1.4,Petrol,yes,2008,front
Audi,32500,crossover,108,2,Diesel,yes,2012,full
BMW,24500,crossover,170,3,Diesel,yes,2006,full
BMW,20000,sedan,230,6,Petrol,yes,2008,rear
Audi,11400,crossover,250,2.5,Diesel,yes,2005,full
Hyundai,13700,crossover,123,2.2,Diesel,yes,2006,full
Audi,3800,vagon,190,2.5,Diesel,no,2002,front
BMW,16999,other,90,2.5,Petrol,yes,2008,full
Audi,8000,sedan,234,4.2,Gas,no,2004,full
BMW,8300,sedan,197,3,Petrol,yes,2001,rear
BMW,3800,sedan,278,2.9,Diesel,no,2001,rear
BMW,3100,sedan,280,2,Diesel,no,1999,rear
Audi,4400,sedan,190,2.5,Diesel,no,2003,front
Audi,4300,sedan,267,1.9,Diesel,no,2003,front
Audi,3900,sedan,302,1.9,Diesel,no,2002,front
Audi,9000,vagon,199,2.7,Petrol,yes,2003,full
BMW,4100,sedan,200,2.7,Petrol,yes,1988,rear
BMW,9700,sedan,250,2,Petrol,yes,2003,rear
Audi,3200,sedan,295,2.5,Diesel,no,2000,front
Hyundai,12900,crossover,49,2.7,Petrol,yes,2008,full
Hyundai,9100,hatch,62,1.4,Petrol,yes,2011,front
BMW,3000,sedan,294,2,Diesel,no,1999,rear
Audi,3900,vagon,260,2.5,Diesel,no,2003,front
BMW,16800,sedan,154,3,Petrol,yes,2006,full
Hyundai,12800.775,hatch,0,1.4,Petrol,yes,2016,front
BMW,77000,other,64,4.4,Petrol,yes,2012,
BMW,11800,sedan,218,2,Petrol,yes,2006,rear
Audi,10399,sedan,293,1.8,Gas,yes,2004,full
Audi,39999,crossover,100,3,Diesel,yes,2011,full
Audi,18300,sedan,125,2,Diesel,yes,2009,front
BMW,4400,sedan,300,2,Petrol,yes,1995,rear
Hyundai,14800,sedan,99,2,Gas,yes,2011,front
BMW,41500,crossover,176,3,Diesel,yes,2012,full
Audi,6900,sedan,250,2.4,Gas,yes,1999,front
Audi,8800,sedan,298,2.4,Gas,yes,1999,front
Hyundai,5000,sedan,180,1.6,Petrol,yes,2004,front
BMW,5500,sedan,249,NA,Other,yes,1995,rear
Audi,9999,sedan,190,3,Petrol,yes,2007,full
Audi,10999,sedan,200,1.8,Petrol,yes,2006,front
BMW,21335,other,105,3,Petrol,yes,2008,rear
Audi,3100,hatch,114,1.6,Petrol,no,2001,front
BMW,8100,sedan,245,2,Diesel,no,2007,rear
BMW,2900,sedan,280,2.5,Diesel,no,1997,rear
Audi,11300,sedan,202,2.7,Diesel,no,2008,full
BMW,6800,sedan,325,NA,Other,no,2005,
BMW,8900,vagon,274,2,Diesel,no,2007,rear
Audi,2500,sedan,407,2.8,Gas,no,1999,front
BMW,2499,sedan,210,1.8,Petrol,no,2000,rear
Audi,3100,vagon,210,2.5,Diesel,no,2000,front
Audi,7600,vagon,226,3,Diesel,no,2006,full
Audi,3400,vagon,223,2.5,Diesel,no,2001,front
BMW,2200,sedan,290,1.6,Petrol,yes,1985,rear
Hyundai,6200,van,187,2.5,Diesel,yes,2005,rear
BMW,77777,sedan,8,4.4,Petrol,yes,2014,full
Hyundai,9100,crossover,170,2,Petrol,yes,2007,full
BMW,2299,sedan,200,1.8,Petrol,no,1999,front
Audi,5000,sedan,370,2.3,Petrol,yes,1991,front
BMW,44800,sedan,63,4.4,Petrol,yes,2012,rear
Hyundai,5200,other,250,2.5,Diesel,yes,2005,rear
Hyundai,14500,crossover,140,2,Gas,yes,2011,front
Audi,22500,other,71,3.6,Petrol,yes,2007,full
