batsman,runs,deliveries_faced,outs,dots,singles,doubles,threes,fours,sixers,bowled,catches,run_outs
A Chopra,53,71,5,40,21,2,0,7,0,1,2,1
A Choudhary,25,20,2,4,13,1,0,1,1,0,1,1
A Dananjaya,4,5,0,2,2,1,0,0,0,0,0,0
A Flintoff,62,53,2,17,23,2,1,5,2,0,1,0
A Kumble,35,47,2,20,21,1,0,3,0,1,1,0
A Mishra,362,387,30,151,171,22,0,29,5,10,9,9
A Mithun,34,26,5,9,8,2,0,4,1,1,4,0
A Nehra,41,60,8,31,19,1,0,3,1,1,5,2
A Nortje,7,6,1,3,1,0,2,0,0,0,1,0
A Singh,2,9,4,7,2,0,0,0,0,2,0,0
A Symonds,974,745,26,262,287,66,4,74,41,7,14,3
AA Noffke,9,10,1,4,5,0,0,1,0,0,0,1
AB Agarkar,179,151,8,49,65,15,0,13,5,0,6,1
AB Dinda,26,48,9,27,16,1,0,2,0,4,4,1
AB McDonald,123,100,5,31,42,9,1,9,4,1,3,0
AB de Villiers,4849,3181,114,915,1328,248,16,388,232,27,73,6
AC Blizzard,120,90,7,45,17,2,1,21,2,1,6,0
AC Gilchrist,2069,1483,76,628,414,66,4,234,92,16,53,2
AC Thomas,20,19,2,8,8,1,0,1,1,1,0,1
AD Hales,148,117,6,46,43,8,0,13,6,3,3,0
AD Mascarenhas,79,78,10,27,35,9,0,5,1,3,4,3
AD Mathews,724,573,31,176,265,49,3,44,29,6,20,4
AD Russell,1517,826,50,293,257,32,0,105,128,10,35,3
AF Milne,7,12,3,6,5,1,0,0,0,1,1,1
AG Murtaza,10,14,1,7,6,0,0,1,0,0,0,0
AJ Finch,2005,1562,78,602,526,99,4,204,74,29,41,2
AJ Turner,3,10,3,7,3,0,0,0,0,1,2,0
AJ Tye,91,75,8,30,22,6,1,6,5,3,5,0
AM Rahane,3933,3236,125,1139,1324,221,15,416,76,33,74,8
AP Majumdar,87,76,4,25,33,7,0,7,2,1,1,0
AP Tare,339,272,24,124,72,19,1,40,11,4,17,2
AR Patel,913,713,51,217,341,50,0,53,43,11,30,7
AS Joseph,15,13,0,6,3,2,0,2,0,0,0,0
AS Rajpoot,26,41,4,26,10,1,0,2,1,2,2,0
AS Raut,194,167,11,62,73,9,3,13,7,3,3,4
AS Yadav,49,39,7,15,13,2,0,5,2,1,4,2
AT Carey,32,29,2,6,14,6,0,0,1,0,2,0
AT Rayudu,3659,2888,123,955,1283,172,1,307,132,26,72,12
AUK Pathan,39,23,5,11,3,2,0,5,2,3,2,0
Abdul Samad,111,65,5,17,23,10,0,8,6,0,5,0
Abhishek Sharma,143,98,8,27,43,6,0,10,8,1,6,1
Anirudh Singh,63,66,4,31,23,5,0,6,1,1,2,0
Anureet Singh,36,47,4,18,22,0,0,2,1,1,3,0
Arshdeep Singh,0,3,1,3,0,0,0,0,0,0,1,0
Avesh Khan,4,3,0,2,0,0,0,1,0,0,0,0
Azhar Mahmood,388,303,19,107,116,19,0,39,13,5,9,3
B Akhil,76,55,7,22,16,5,0,5,5,2,3,2
B Kumar,183,194,24,86,69,14,0,17,3,9,11,3
B Laughlin,5,13,2,8,5,0,0,0,0,1,1,0
B Lee,124,96,10,38,36,4,0,8,8,1,6,3
B Stanlake,5,2,0,0,1,0,0,1,0,0,0,0
BA Bhatt,6,7,0,6,0,0,0,0,1,0,0,0
BA Stokes,920,678,38,214,282,59,2,79,32,13,19,3
BB McCullum,2880,2172,106,885,712,103,3,290,128,33,62,7
BB Sran,10,13,1,4,7,1,0,0,0,0,0,1
BCJ Cutting,238,141,11,49,44,10,0,15,19,3,6,1
BE Hendricks,1,3,1,2,1,0,0,0,0,1,0,0
BJ Haddin,18,11,1,5,2,1,0,2,1,0,1,0
BJ Hodge,1400,1112,46,386,451,89,8,122,43,15,23,6
BMAJ Mendis,23,27,3,8,15,4,0,0,0,0,1,1
BR Dunk,40,35,3,17,6,3,0,7,0,1,2,0
Basil Thampi,32,35,2,12,16,3,0,1,1,1,0,1
Bipul Sharma,187,123,6,31,51,19,0,11,9,1,4,1
C Munro,177,141,9,63,45,4,0,19,8,4,5,0
C de Grandhomme,303,224,15,77,91,16,0,18,17,4,9,1
CA Ingram,205,179,12,72,69,9,0,22,5,4,7,1
CA Lynn,1280,906,37,362,300,44,0,127,62,12,21,1
CA Pujara,390,390,18,178,133,15,1,50,4,5,12,1
CH Gayle,4772,3164,116,1319,956,85,3,383,344,32,76,2
CH Morris,551,348,24,97,144,34,1,39,29,7,11,4
CJ Anderson,538,421,22,180,139,25,1,40,31,5,11,3
CJ Ferguson,98,117,6,55,42,10,0,9,0,1,1,1
CJ Jordan,32,36,4,15,10,7,0,2,0,0,2,1
CK Kapugedera,16,22,3,7,12,2,0,0,0,0,3,0
CL White,954,752,35,252,333,47,2,74,36,5,22,4
CR Brathwaite,181,110,14,41,36,4,0,10,16,2,9,2
CR Woakes,63,66,5,31,25,3,0,5,2,0,4,0
CRD Fernando,4,3,1,0,2,1,0,0,0,0,0,1
CV Varun,10,15,2,5,8,1,0,0,0,1,0,1
D Padikkal,473,378,14,125,161,25,3,51,8,5,9,0
DA Miller,1850,1328,54,388,568,126,1,125,86,16,34,2
DA Warner,5254,3694,126,1243,1344,317,19,508,192,29,77,10
DAJ Bracewell,12,9,0,1,6,1,0,1,0,0,0,0
DB Das,304,260,12,107,92,12,0,23,16,7,4,0
DB Ravi Teja,375,315,20,105,134,18,3,35,9,7,9,2
DE Bollinger,21,22,1,9,9,1,0,1,1,0,1,0
DJ Bravo,1490,1154,65,412,429,106,5,115,60,18,42,1
DJ Harris,111,101,3,48,33,2,0,11,5,0,3,0
DJ Hooda,625,481,35,147,220,49,1,31,29,7,19,4
DJ Hussey,1322,1070,49,377,450,72,2,89,60,10,32,6
DJG Sammy,295,241,15,89,94,15,1,15,18,3,10,1
DJM Short,115,99,7,44,35,3,0,11,5,1,4,2
DL Chahar,78,56,7,19,20,7,0,2,6,0,5,0
DL Vettori,121,112,7,31,54,4,1,11,2,4,1,1
DM Bravo,6,5,0,2,2,0,0,1,0,0,0,0
DP Nannes,4,13,1,9,4,0,0,0,0,1,0,0
DP Vijaykumar,1,1,0,0,1,0,0,0,0,0,0,0
DPMD Jayawardene,1802,1460,63,527,565,92,4,200,39,12,38,8
DR Sams,0,2,1,2,0,0,0,0,0,0,1,0
DR Smith,2385,1755,81,738,519,84,3,244,117,30,48,2
DS Kulkarni,104,108,9,43,45,8,1,7,2,4,0,4
DT Christian,446,371,24,115,179,29,2,22,18,9,13,1
DT Patil,13,13,1,5,5,2,0,1,0,0,1,0
DW Steyn,167,160,22,66,55,19,0,14,3,10,8,3
E Lewis,430,328,16,147,100,12,2,36,26,4,11,0
EJG Morgan,1272,1006,49,381,363,68,3,104,58,9,33,6
ER Dwivedi,24,14,2,5,4,0,0,2,2,0,2,0
F Behardien,14,13,2,5,6,0,0,2,0,0,2,0
F du Plessis,2302,1779,67,588,761,119,11,205,73,12,40,6
FH Edwards,4,5,1,3,1,0,1,0,0,1,0,0
G Gambhir,4217,3394,135,1170,1348,248,15,490,58,34,80,15
GB Hogg,22,22,2,5,14,2,0,1,0,0,2,0
GC Smith,739,664,30,283,228,39,1,92,9,3,20,4
GD McGrath,4,5,1,4,0,0,0,1,0,0,1,0
GH Vihari,284,319,20,133,136,22,1,23,1,1,17,1
GJ Bailey,663,541,29,187,221,43,1,59,19,5,16,6
GJ Maxwell,1505,968,69,321,329,74,2,117,91,18,46,4
Gurkeerat Singh,511,422,27,145,176,23,1,55,11,6,12,5
H Das,2,5,1,3,2,0,0,0,0,0,0,1
H Klaasen,66,56,5,18,24,8,0,5,1,1,4,0
HF Gurney,1,5,0,4,1,0,0,0,0,0,0,0
HH Gibbs,886,805,32,354,264,45,3,83,31,10,16,3
HH Pandya,1349,842,47,261,337,45,3,86,93,7,34,3
HM Amla,577,406,13,130,164,21,1,60,21,3,8,1
HV Patel,128,93,11,30,42,6,0,5,9,4,6,1
Harbhajan Singh,829,595,56,235,192,34,0,77,42,13,33,8
Harmeet Singh,18,12,2,5,2,2,0,3,0,1,1,0
Harpreet Brar,20,12,0,3,6,0,0,2,1,0,0,0
Harpreet Singh,20,26,2,8,16,2,0,0,0,0,1,0
I Malhotra,7,4,0,0,3,0,0,1,0,0,0,0
I Sharma,55,61,7,29,21,3,0,4,2,2,2,2
I Udana,15,11,3,4,5,0,0,1,1,0,3,0
IC Pandey,0,2,1,2,0,0,0,0,0,1,0,0
IK Pathan,1139,943,53,303,405,76,2,87,37,9,31,9
IR Jaggi,76,97,5,46,36,5,2,6,0,1,4,0
IS Sodhi,7,17,2,10,7,0,0,0,0,0,2,0
Imran Tahir,33,37,4,20,9,2,0,5,0,1,2,1
Iqbal Abdulla,88,82,1,28,33,6,0,9,1,0,1,0
Ishan Kishan,1211,883,40,326,340,43,0,100,64,7,29,3
J Arunkumar,23,23,3,14,3,0,0,5,0,0,2,1
J Botha,409,358,22,126,142,37,2,39,5,7,9,4
J Suchith,54,47,2,19,16,5,0,4,2,0,1,1
J Syed Mohammad,29,26,2,10,11,1,0,4,0,0,2,0
J Theron,10,12,2,5,6,0,0,1,0,0,1,1
J Yadav,6,10,0,4,6,0,0,0,0,0,0,0
JA Morkel,974,682,40,211,285,55,1,61,54,10,25,4
JC Archer,195,120,13,40,46,10,0,11,12,2,9,1
JC Buttler,1714,1144,48,391,393,89,2,167,77,10,32,2
JD Ryder,604,455,29,180,145,30,3,67,19,7,17,3
JD Unadkat,64,67,8,26,30,2,0,6,1,2,3,2
JDP Oram,106,107,8,46,46,3,0,6,5,2,5,0
JDS Neesham,61,64,5,30,19,9,0,3,2,0,5,0
JE Taylor,3,3,0,1,1,1,0,0,0,0,0,0
JEC Franklin,327,300,11,109,129,22,0,25,9,1,10,0
JH Kallis,2427,2213,89,878,884,113,8,254,44,19,60,9
JJ Bumrah,40,40,4,14,18,4,0,2,1,0,2,2
JJ Roy,179,134,6,52,47,6,0,18,8,2,3,0
JJ van der Wath,18,16,2,7,6,1,0,1,1,1,1,0
JL Denly,0,1,1,1,0,0,0,0,0,1,0,0
JL Pattinson,15,13,1,4,7,0,0,2,0,0,1,0
JM Bairstow,790,553,20,199,186,43,5,79,31,9,10,1
JM Kemp,26,24,2,10,9,2,1,1,1,1,0,0
JO Holder,104,84,7,34,30,4,0,9,5,0,5,2
JP Duminy,2029,1631,49,480,778,126,6,126,79,11,30,4
JP Faulkner,527,384,27,120,157,41,1,36,23,6,18,2
JPR Scantlebury-Searles,8,6,1,3,2,0,0,0,1,0,1,0
JR Hopes,417,305,17,110,114,19,1,49,11,2,13,2
JR Philippe,78,77,4,34,28,4,0,9,1,1,2,0
Jaskaran Singh,8,11,2,5,4,2,0,0,0,0,1,1
Joginder Sharma,36,30,4,10,14,3,0,1,2,1,1,1
K Goel,218,231,14,114,71,11,1,17,9,3,7,3
K Gowtham,186,110,13,37,32,12,2,13,12,0,12,1
K Rabada,125,128,9,56,49,8,0,9,4,3,5,1
K Upadhyay,12,9,0,3,4,1,0,0,1,0,0,0
KA Pollard,3023,2005,106,670,758,131,8,195,195,22,75,8
KAJ Roach,10,9,1,3,4,1,0,1,0,1,0,0
KB Arun Karthik,51,51,5,17,20,3,1,4,1,1,2,1
KC Cariappa,24,21,3,8,10,1,0,0,2,3,0,0
KC Sangakkara,1687,1385,69,484,562,81,5,195,26,16,40,6
KD Karthik,3823,2942,152,961,1216,217,6,375,105,37,91,17
KH Pandya,1000,702,38,233,259,56,3,95,40,3,31,0
KJ Abbott,13,8,1,3,2,1,1,0,1,0,1,0
KK Ahmed,0,3,2,3,0,0,0,0,0,1,0,1
KK Cooper,116,67,9,26,15,8,0,9,8,1,7,0
KK Nair,1480,1151,63,424,421,82,5,159,39,19,37,4
KL Nagarkoti,22,31,3,14,14,2,0,1,0,2,1,0
KL Rahul,2647,1943,62,641,791,141,4,234,104,21,35,4
KM Jadhav,1141,907,50,305,395,55,1,97,38,10,30,7
KMA Paul,18,24,4,13,6,1,0,1,1,3,1,0
KMDN Kulasekara,5,3,0,0,1,0,0,1,0,0,0,0
KP Appanna,2,4,1,1,2,0,0,0,0,0,0,1
KP Pietersen,1001,742,29,257,283,48,4,91,40,10,12,3
KS Williamson,1619,1197,41,348,545,88,6,137,54,5,31,2
KV Sharma,317,274,21,94,114,22,1,18,14,3,15,3
KW Richardson,36,39,3,17,16,3,0,2,1,0,2,0
Kamran Akmal,128,77,4,31,20,4,0,12,8,0,3,1
Kamran Khan,3,5,1,3,1,1,0,0,0,0,1,0
Karanveer Singh,12,17,1,9,6,1,0,1,0,1,0,0
Kartik Tyagi,4,6,1,2,4,0,0,0,0,0,0,0
Kuldeep Yadav,57,75,4,38,25,6,0,5,0,2,1,1
L Ablish,0,2,0,2,0,0,0,0,0,0,0,0
L Balaji,36,49,7,25,15,2,1,2,1,3,3,1
L Ronchi,34,34,3,23,4,0,0,6,1,0,2,1
LA Carseldine,81,66,3,26,22,4,2,11,0,1,0,1
LA Pomersbach,302,243,11,92,84,18,1,25,13,4,5,1
LE Plunkett,1,3,1,2,1,0,0,0,0,0,1,0
LH Ferguson,44,30,1,6,14,4,0,4,1,0,0,1
LJ Wright,106,59,4,19,20,2,0,15,3,0,4,0
LMP Simmons,1079,848,27,359,269,52,2,109,44,9,16,1
LPC Silva,40,26,2,7,8,3,0,5,1,0,2,0
LR Shukla,405,350,29,130,137,20,0,33,16,8,16,4
LRPL Taylor,1017,818,41,283,333,62,3,66,45,11,24,3
LS Livingstone,70,48,3,21,12,2,0,6,5,2,1,0
M Ashwin,8,12,4,5,6,1,0,0,0,0,2,1
M Kaif,259,249,16,106,86,23,1,22,6,4,9,0
M Kartik,113,107,7,29,59,8,1,7,1,1,2,2
M Klinger,73,75,4,33,29,2,1,9,0,2,2,0
M Manhas,514,470,24,174,191,44,1,43,10,6,14,3
M Markande,27,29,3,11,9,3,0,3,0,2,1,0
M Morkel,126,89,11,32,33,8,1,10,5,3,6,1
M Muralitharan,20,29,6,15,9,2,1,1,0,2,2,2
M Ntini,11,18,1,14,1,1,0,2,0,1,0,0
M Prasidh Krishna,3,11,1,8,3,0,0,0,0,0,1,0
M Rawat,55,69,5,30,29,2,0,4,1,1,3,0
M Vijay,2619,2147,97,893,701,164,17,247,91,29,52,8
M Vohra,1012,767,42,314,234,62,9,97,39,13,22,3
M de Lange,1,2,1,1,1,0,0,0,0,0,1,0
MA Agarwal,1690,1254,78,456,480,72,2,161,67,20,52,2
MA Khote,24,22,2,7,8,1,0,2,1,0,1,0
MA Starc,96,98,6,36,38,9,0,10,0,1,4,1
MA Wood,1,3,1,2,1,0,0,0,0,0,1,0
MC Henriques,969,753,35,245,310,70,3,86,27,6,20,2
MC Juneja,125,128,7,45,61,7,0,11,1,1,5,1
MD Mishra,237,206,15,93,63,14,0,24,8,5,7,1
MDKJ Perera,14,13,2,7,2,0,0,3,0,1,1,0
MEK Hussey,1977,1610,52,572,647,96,11,198,52,17,29,5
MF Maharoof,177,123,10,40,43,16,0,12,9,3,4,2
MG Johnson,167,163,14,69,57,12,1,10,7,6,6,1
MJ Clarke,98,94,6,38,35,5,0,12,0,3,1,1
MJ Guptill,270,195,12,87,59,7,2,24,14,2,10,0
MJ Lumb,278,191,10,83,41,9,1,45,6,2,6,0
MJ McClenaghan,85,69,11,34,20,1,0,5,7,3,6,1
MJ Santner,32,22,1,8,9,2,0,0,3,0,1,0
MK Lomror,87,78,5,26,35,7,0,5,3,0,5,0
MK Pandey,3268,2680,109,936,1138,188,10,286,93,31,67,5
MK Tiwary,1695,1444,61,506,631,77,8,154,40,18,30,8
ML Hayden,1107,798,27,307,254,48,2,119,44,7,17,0
MM Ali,309,195,13,63,73,7,0,21,23,1,8,1
MM Patel,39,41,5,17,17,1,0,5,0,2,2,1
MM Sharma,122,117,14,49,45,7,1,9,4,3,9,2
MN Samuels,161,172,12,75,61,11,0,9,7,5,5,2
MN van Wyk,167,131,3,37,58,12,1,18,1,1,2,0
MP Stoinis,825,598,30,185,250,53,1,65,34,5,20,3
MR Marsh,225,197,13,77,83,11,0,9,14,4,8,1
MS Bisla,798,700,37,315,207,36,3,92,23,11,18,4
MS Dhoni,4632,3371,126,1040,1404,313,15,313,214,21,76,22
MS Gony,99,70,9,32,19,4,0,6,8,4,4,1
MS Wade,22,33,3,14,14,4,0,0,0,3,0,0
MV Boucher,394,307,15,99,126,29,1,32,12,5,8,2
Mandeep Singh,1659,1333,78,469,515,112,4,170,37,17,48,7
Mashrafe Mortaza,2,2,0,1,0,1,0,0,0,0,0,0
Misbah-ul-Haq,117,81,9,28,29,6,0,10,6,2,4,2
Mohammad Ashraful,2,10,1,7,2,0,0,0,0,0,1,0
Mohammad Asif,3,6,2,3,3,0,0,0,0,0,1,1
Mohammad Hafeez,64,83,8,46,24,0,0,7,2,1,6,1
Mohammad Nabi,146,98,9,33,37,6,1,13,6,2,6,1
Mohammed Shami,56,56,10,25,20,2,0,5,2,2,6,1
Mohammed Siraj,46,48,5,19,20,2,0,4,1,2,1,2
Mujeeb Ur Rahman,11,14,3,7,3,0,0,2,0,1,2,0
Mustafizur Rahman,1,3,1,2,1,0,0,0,0,0,1,0
N Jagadeesan,33,29,2,10,13,2,0,4,0,0,1,1
N Pooran,521,314,17,109,100,26,1,33,39,2,14,1
N Rana,1437,1058,53,406,395,44,3,126,72,8,39,4
N Saini,140,140,11,63,43,15,1,16,0,3,5,1
NA Saini,29,31,2,12,13,2,0,3,0,1,1,0
ND Doshi,0,13,1,13,0,0,0,0,0,0,1,0
NJ Maddinson,20,21,3,15,1,0,1,4,0,2,1,0
NJ Rimmington,1,1,0,0,1,0,0,0,0,0,0,0
NL McCullum,26,22,3,6,9,4,1,0,1,0,1,2
NLTC Perera,422,305,24,104,117,26,1,23,26,4,17,3
NM Coulter-Nile,77,65,8,33,17,4,0,7,4,3,5,0
NS Naik,31,50,4,27,17,3,0,2,0,2,2,0
NV Ojha,1554,1308,74,581,437,64,10,120,78,11,54,5
Niraj Patel,121,119,5,54,38,9,1,14,1,2,2,1
OA Shah,506,388,13,121,167,29,2,34,23,3,5,3
P Awana,5,14,3,9,5,0,0,0,0,0,2,1
P Chopra,8,6,1,4,0,0,0,2,0,0,1,0
P Dogra,127,138,12,59,58,10,1,4,5,2,4,5
P Dubey,7,13,0,6,5,1,0,0,0,0,0,0
P Kumar,340,312,34,141,102,23,0,22,17,16,11,6
P Negi,365,288,26,104,107,25,1,27,16,5,15,4
P Parameswaran,1,2,0,1,1,0,0,0,0,0,0,0
P Ray Barman,19,24,1,11,11,0,0,2,0,0,1,0
P Sahu,19,13,0,4,5,2,0,1,1,0,0,0
P Simran Singh,31,32,3,17,9,2,0,3,1,1,2,0
PA Patel,2848,2350,127,928,808,127,8,364,49,34,72,11
PA Reddy,164,160,10,65,65,12,1,15,2,2,6,1
PC Valthaty,505,414,22,209,99,20,0,60,20,3,18,1
PD Collingwood,203,156,4,54,66,10,1,9,13,1,2,1
PJ Cummins,223,169,13,65,55,20,0,14,12,3,10,0
PJ Sangwan,24,39,7,20,14,3,0,1,0,3,3,1
PK Garg,133,109,9,38,44,13,1,8,4,3,5,1
PM Sarvesh Kumar,1,2,0,1,1,0,0,0,0,0,0,0
PP Chawla,584,522,50,211,188,34,1,54,18,14,26,8
PP Ojha,16,44,10,25,14,1,0,0,0,3,5,2
PP Shaw,826,590,37,226,199,31,2,99,27,8,24,1
PR Shah,92,90,8,39,27,8,0,9,2,1,6,0
PSP Handscomb,6,12,1,6,6,0,0,0,0,0,1,0
PV Tambe,18,38,1,22,14,0,0,1,0,0,1,0
Pankaj Singh,7,12,2,6,5,1,0,0,0,1,1,0
Parvez Rasool,17,20,2,6,11,1,0,1,0,0,1,0
Q de Kock,1959,1464,60,556,519,77,5,201,76,12,43,1
R Ashwin,412,373,36,137,158,24,0,35,11,6,24,3
R Bhatia,342,284,29,97,119,23,1,24,13,5,17,4
R Bishnoi,19,17,3,11,3,0,0,1,2,0,2,1
R Dhawan,153,135,7,53,48,13,1,13,4,3,2,1
R Dravid,2174,1878,77,746,680,118,1,269,28,18,47,6
R McLaren,159,171,8,65,78,8,1,14,1,4,2,2
R Ninan,3,5,1,2,3,0,0,0,0,0,1,0
R Parag,246,203,10,76,84,11,0,23,8,2,7,0
R Rampaul,51,49,5,22,14,6,0,3,2,1,4,0
R Sathish,270,230,16,79,88,24,3,22,6,4,9,2
R Sharma,66,75,11,43,14,7,0,5,3,4,6,1
R Shukla,19,23,2,10,11,0,0,2,0,0,1,1
R Tewatia,366,271,13,86,110,20,0,24,20,5,7,1
R Vinay Kumar,310,274,26,96,110,31,0,21,9,10,13,2
RA Jadeja,2159,1695,88,531,738,156,5,157,76,18,53,8
RA Tripathi,988,731,37,261,271,54,2,94,37,9,24,2
RD Chahar,17,17,2,8,5,2,0,2,0,0,2,0
RD Gaikwad,204,169,3,56,77,12,1,16,6,2,0,0
RE Levi,83,73,6,36,19,0,0,10,4,4,1,0
RE van der Merwe,159,141,12,61,53,4,2,11,8,2,5,2
RG More,2,2,0,0,2,0,0,0,0,0,0,0
RG Sharma,5230,3991,177,1402,1657,214,6,455,212,35,112,20
RJ Harris,117,111,12,45,39,16,1,6,3,3,9,0
RJ Peterson,32,30,3,11,12,1,0,3,1,0,1,2
RJ Quiney,103,102,7,49,30,2,1,12,3,3,4,0
RK Bhui,7,17,2,12,3,2,0,0,0,0,2,0
RK Singh,77,76,7,30,35,3,0,6,2,1,6,0
RN ten Doeschate,326,235,17,71,102,15,0,26,15,6,6,5
RP Singh,52,76,15,34,31,2,1,2,1,4,5,4
RR Bhatkal,0,2,2,2,0,0,0,0,0,0,1,1
RR Pant,2079,1363,59,422,548,82,2,183,102,15,39,5
RR Powar,67,64,3,26,23,7,0,6,1,2,0,1
RR Raje,20,18,1,6,10,0,0,1,1,1,0,0
RR Rossouw,53,51,6,24,17,3,0,3,3,4,1,1
RR Sarwan,73,75,3,30,31,6,0,6,1,1,2,0
RS Bopara,531,453,19,153,204,27,7,39,16,4,13,2
RS Gavaskar,2,8,1,6,2,0,0,0,0,0,1,0
RS Sodhi,4,2,0,1,0,0,0,1,0,0,0,0
RT Ponting,91,128,8,63,47,6,0,5,2,1,5,0
RV Gomez,50,51,7,22,16,4,0,5,1,2,3,2
RV Uthappa,4607,3528,169,1288,1323,214,13,453,163,29,115,13
Rashid Khan,139,92,16,37,25,8,0,8,11,2,9,1
Rasikh Salam,5,4,0,1,1,2,0,0,0,0,0,0
Ravi Bishnoi,7,12,1,8,3,0,0,1,0,0,1,0
S Anirudha,136,112,8,41,44,7,0,9,7,3,4,0
S Aravind,59,57,3,21,21,5,0,7,0,2,1,0
S Badree,13,23,5,12,9,2,0,0,0,4,1,0
S Badrinath,1441,1208,48,431,483,84,1,154,28,6,31,5
S Chanderpaul,25,31,3,18,9,0,0,4,0,0,3,0
S Dhawan,5197,4082,152,1431,1632,236,20,587,108,41,86,15
S Dube,169,138,11,54,57,8,0,6,12,2,7,2
S Gopal,164,157,12,58,68,11,0,17,1,1,9,1
S Kaul,12,28,3,20,4,4,0,0,0,0,1,1
S Kaushik,0,1,1,1,0,0,0,0,0,0,1,0
S Ladda,0,9,2,9,0,0,0,0,0,0,0,2
S Lamichhane,0,1,1,1,0,0,0,0,0,1,0,0
S Nadeem,39,86,15,54,25,3,0,2,0,3,5,4
S Narwal,37,27,4,10,9,2,0,6,0,0,3,1
S Rana,91,79,5,30,29,8,0,9,1,3,1,1
S Randiv,2,4,1,3,0,1,0,0,0,0,1,0
S Sohal,368,289,18,130,82,17,1,34,18,5,12,1
S Sreesanth,34,55,3,36,6,2,0,6,0,2,1,0
S Sriram,31,36,2,15,15,2,0,3,0,1,1,0
S Tyagi,3,4,0,1,3,0,0,0,0,0,0,0
S Vidyut,145,109,8,48,30,5,1,21,3,0,8,0
SA Abbott,15,13,1,6,3,1,0,1,1,0,1,0
SA Asnodkar,423,337,19,139,105,17,0,56,10,2,11,5
SA Yadav,2024,1498,65,506,602,88,4,220,58,13,47,3
SB Bangar,49,58,6,25,25,1,0,1,3,0,5,1
SB Jakati,28,29,2,11,14,1,0,3,0,0,1,1
SB Joshi,6,14,2,8,6,0,0,0,0,0,1,1
SB Styris,131,132,7,48,63,5,0,10,3,3,4,0
SB Wagh,2,3,2,2,0,1,0,0,0,0,1,1
SC Ganguly,1349,1257,54,567,427,54,3,137,41,11,37,3
SD Chitnis,99,88,7,34,37,5,0,10,1,0,6,1
SD Lad,15,13,1,8,2,0,1,1,1,1,0,0
SE Bond,1,2,1,1,1,0,0,0,0,1,0,0
SE Marsh,2477,1862,64,646,724,98,6,265,77,19,35,5
SE Rutherford,73,54,5,23,17,3,0,2,7,0,5,0
SJ Srivastava,5,5,1,1,3,1,0,0,0,1,0,0
SK Raina,5368,3895,160,1220,1661,262,11,491,193,22,110,12
SK Trivedi,42,58,8,34,16,4,0,3,1,4,3,1
SK Warne,198,213,19,95,81,12,0,14,6,6,6,4
SL Malinga,88,99,12,52,32,1,0,6,5,5,5,2
SM Curran,281,196,12,80,61,15,0,25,15,4,6,0
SM Harwood,9,13,0,4,4,2,0,0,0,0,0,0
SM Katich,241,185,10,73,55,15,1,26,8,2,6,2
SM Pollock,147,111,8,40,47,2,0,12,8,4,4,0
SMSM Senanayake,10,16,1,7,8,1,0,0,0,0,0,1
SN Khan,441,312,20,96,132,20,0,49,11,1,14,4
SN Thakur,48,42,5,17,16,3,0,5,1,2,3,0
SO Hetmyer,275,197,13,72,77,11,0,15,19,2,9,1
SP Fleming,196,162,9,74,42,11,2,26,3,3,5,1
SP Goswami,293,293,20,129,109,17,1,32,3,2,15,2
SP Jackson,38,31,2,10,14,2,0,5,0,0,1,0
SP Narine,892,542,49,227,118,20,1,103,52,11,34,1
SPD Smith,2333,1792,72,537,812,149,7,209,56,17,42,10
SR Tendulkar,2334,1941,71,725,720,116,7,296,29,20,36,8
SR Watson,3874,2797,125,1128,927,135,8,373,190,41,70,9
SS Cottrell,0,2,1,2,0,0,0,0,0,1,0,0
SS Iyer,2200,1739,73,614,735,95,4,188,83,14,48,7
SS Shaikh,6,7,0,4,2,0,0,1,0,0,0,0
SS Tiwary,1379,1138,48,386,496,90,2,101,48,7,34,2
ST Jayasuriya,768,529,29,236,126,22,7,84,38,7,19,2
STR Binny,880,682,44,239,262,61,7,66,35,9,27,4
SV Samson,2584,1926,91,644,788,150,13,191,115,19,61,5
SW Billings,334,248,19,77,99,24,1,31,10,4,13,1
SW Tait,23,26,3,11,13,0,0,1,1,2,0,0
Sachin Baby,137,99,9,33,36,13,0,11,5,1,5,2
Salman Butt,193,160,7,70,46,7,0,30,2,3,4,0
Sandeep Sharma,44,56,5,23,27,2,0,3,0,1,3,0
Shahbaz Ahmed,1,1,0,0,1,0,0,0,0,0,0,0
Shahid Afridi,81,46,8,19,12,0,0,7,6,1,7,0
Shakib Al Hasan,746,585,34,187,255,44,0,69,20,9,21,3
Shivam Mavi,23,29,5,14,9,3,0,2,0,1,3,0
Shivam Sharma,5,3,1,1,1,0,0,1,0,1,0,0
Shoaib Ahmed,1,6,2,5,1,0,0,0,0,0,1,1
Shoaib Akhtar,2,7,1,5,2,0,0,0,0,0,1,0
Shoaib Malik,52,46,4,13,23,4,0,5,0,1,3,0
Shubman Gill,939,748,27,243,337,51,2,87,24,3,19,3
Sohail Tanvir,36,28,3,9,13,2,0,3,1,1,2,0
Sunny Gupta,0,1,1,1,0,0,0,0,0,0,0,0
Sunny Singh,43,31,4,11,11,1,0,6,1,0,3,1
Swapnil Singh,12,20,3,10,8,2,0,0,0,2,1,0
T Banton,18,20,2,11,6,1,0,1,1,1,1,0
T Henderson,11,15,1,10,3,1,0,0,1,1,0,0
T Kohli,11,19,3,13,5,0,0,0,1,0,2,1
T Natarajan,3,5,0,2,3,0,0,0,0,0,0,0
T Taibu,31,26,3,9,9,5,0,3,0,0,2,1
T Thushara,12,18,2,9,6,3,0,0,0,0,1,1
TA Boult,12,15,3,10,2,2,0,0,1,2,0,0
TD Paine,10,26,2,14,10,0,0,0,0,1,1,0
TG Southee,115,89,6,32,34,10,0,8,4,1,4,1
TK Curran,106,90,4,29,40,8,0,8,3,0,4,0
TL Suman,676,573,30,230,205,43,3,55,26,5,22,1
TM Dilshan,1153,1001,41,421,334,53,2,137,24,14,24,2
TM Head,205,147,6,39,66,21,0,12,8,1,4,1
TM Srivastava,8,11,1,5,5,0,1,0,0,0,1,0
TR Birt,75,57,5,24,15,6,0,9,2,1,4,0
TS Mills,8,11,3,7,2,0,0,0,1,1,2,0
TU Deshpande,21,12,1,3,5,1,0,2,1,0,1,0
U Kaul,0,1,0,1,0,0,0,0,0,0,0,0
UA Birla,7,14,1,10,3,0,0,1,0,1,0,0
UBT Chand,300,299,20,148,88,15,0,32,9,6,13,0
UT Khawaja,127,99,5,36,38,6,1,14,3,0,3,1
UT Yadav,122,128,14,61,46,4,0,11,4,6,5,2
Umar Gul,39,19,3,6,5,0,0,1,5,0,2,1
V Kohli,5878,4480,163,1467,1912,345,13,504,201,37,105,15
V Pratap Singh,0,1,1,1,0,0,0,0,0,0,1,0
V Sehwag,2728,1739,98,601,555,95,2,333,105,19,70,6
V Shankar,654,511,21,153,240,42,1,44,25,2,19,0
VH Zol,29,26,2,13,7,2,0,3,1,1,1,0
VR Aaron,50,71,4,42,21,4,0,2,2,1,2,1
VRV Singh,4,3,1,1,0,0,0,1,0,0,1,0
VS Malik,7,7,1,2,3,0,0,1,0,1,0,0
VS Yeligati,2,2,1,1,0,1,0,0,0,0,0,1
VVS Laxman,282,266,16,113,100,10,0,33,4,3,9,1
VY Mahesh,15,27,2,13,11,2,0,0,0,1,1,0
Vishnu Vinod,19,26,3,15,9,0,0,1,1,1,1,1
W Jaffer,130,121,7,55,41,6,1,14,3,0,7,0
WA Mota,56,75,5,27,40,4,0,2,0,2,3,0
WD Parnell,63,75,9,31,31,5,0,4,1,2,4,3
WP Saha,1979,1498,78,497,590,127,5,183,64,22,43,8
WPUJC Vaas,81,72,7,22,33,11,0,2,2,2,4,1
Washington Sundar,186,148,12,47,61,13,1,15,6,1,9,1
X Thalaivan Sargunam,10,17,1,9,6,2,0,0,0,0,0,0
Y Gnaneswara Rao,19,17,1,8,5,1,0,3,0,0,0,0
Y Nagar,285,259,15,91,109,18,2,20,9,5,8,2
Y Prithvi Raj,0,1,0,1,0,0,0,0,0,0,0,0
Y Venugopal Rao,985,832,42,304,340,53,1,76,37,9,24,9
YA Abdulla,0,1,0,0,0,0,0,0,0,0,0,0
YBK Jaiswal,40,44,3,20,20,0,0,2,2,1,1,0
YK Pathan,3204,2229,111,744,869,153,5,262,159,16,76,12
YS Chahal,22,51,5,31,17,1,1,0,0,1,3,1
YV Takawale,192,177,8,89,40,12,0,26,3,4,4,0
Yashpal Singh,47,65,4,37,20,2,1,5,0,0,4,0
Younis Khan,3,7,1,4,3,0,0,0,0,1,0,0
Yuvraj Singh,2750,2113,109,863,739,118,3,215,149,15,84,4
Z Khan,117,140,15,71,46,7,0,11,2,5,6,3
